order_date,order_id,customer_id,revenue,status,channel,category,manager,city,is_new_client
2026-06-01,ORD-10001,CUST-1768,0,canceled,Яндекс Директ,Подписка,Игорь,Москва,False
2026-06-01,ORD-10002,CUST-2938,7014,paid,Рекомендации,Консультация,Игорь,Москва,True
2026-06-01,ORD-10003,CUST-2797,9382,paid,Яндекс Директ,Консультация,Олег,Казань,False
2026-06-01,ORD-10004,CUST-2255,5211,paid,Telegram,Консультация,Игорь,Москва,False
2026-06-01,ORD-10005,CUST-3164,0,canceled,SEO,Доп. услуги,Олег,Москва,False
2026-06-01,ORD-10006,CUST-1388,23666,paid,SEO,Сервис,Мария,Казань,False
2026-06-01,ORD-10007,CUST-2979,21485,paid,Яндекс Директ,Сервис,Анна,Москва,True
2026-06-01,ORD-10008,CUST-2792,35732,paid,CRM,Монтаж,Игорь,Екатеринбург,False
2026-06-01,ORD-10009,CUST-1431,28958,paid,Яндекс Директ,Монтаж,Мария,Москва,False
2026-06-01,ORD-10010,CUST-3043,7192,paid,Яндекс Директ,Сервис,Анна,Казань,False
2026-06-01,ORD-10011,CUST-1232,15505,paid,Яндекс Директ,Сервис,Олег,Екатеринбург,False
2026-06-01,ORD-10012,CUST-1392,11072,paid,Telegram,Сервис,Игорь,Казань,False
2026-06-01,ORD-10013,CUST-1686,12507,paid,Рекомендации,Доп. услуги,Анна,Санкт-Петербург,True
2026-06-01,ORD-10014,CUST-2371,42117,paid,Рекомендации,Монтаж,Игорь,Казань,True
2026-06-01,ORD-10015,CUST-2060,7080,paid,Яндекс Директ,Сервис,Анна,Москва,False
2026-06-01,ORD-10016,CUST-2044,0,canceled,Яндекс Директ,Подписка,Анна,Екатеринбург,False
2026-06-01,ORD-10017,CUST-1826,10745,paid,SEO,Консультация,Игорь,Казань,True
2026-06-01,ORD-10018,CUST-2004,6247,paid,Яндекс Директ,Консультация,Олег,Санкт-Петербург,False
2026-06-01,ORD-10019,CUST-3552,11724,paid,Яндекс Директ,Доп. услуги,Игорь,Москва,False
2026-06-01,ORD-10020,CUST-3121,0,canceled,Яндекс Директ,Доп. услуги,Мария,Екатеринбург,True
2026-06-01,ORD-10021,CUST-3399,32828,paid,Яндекс Директ,Монтаж,Мария,Казань,False
2026-06-01,ORD-10022,CUST-2387,50081,paid,SEO,Монтаж,Анна,Санкт-Петербург,False
2026-06-01,ORD-10023,CUST-2170,48764,paid,Яндекс Директ,Монтаж,Игорь,Екатеринбург,True
2026-06-01,ORD-10024,CUST-2280,22007,paid,CRM,Сервис,Олег,Санкт-Петербург,False
2026-06-01,ORD-10025,CUST-2600,11471,paid,Яндекс Директ,Подписка,Олег,Екатеринбург,False
2026-06-01,ORD-10026,CUST-1977,15989,paid,Рекомендации,Сервис,Олег,Казань,False
2026-06-01,ORD-10027,CUST-3595,0,canceled,CRM,Монтаж,Мария,Москва,True
2026-06-01,ORD-10028,CUST-2890,22628,paid,SEO,Сервис,Олег,Санкт-Петербург,False
2026-06-02,ORD-10029,CUST-1914,21081,paid,SEO,Сервис,Олег,Казань,True
2026-06-02,ORD-10030,CUST-2660,12119,paid,CRM,Сервис,Мария,Екатеринбург,True
2026-06-02,ORD-10031,CUST-2288,12517,paid,Яндекс Директ,Доп. услуги,Игорь,Москва,True
2026-06-02,ORD-10032,CUST-3189,21719,paid,SEO,Монтаж,Игорь,Санкт-Петербург,True
2026-06-02,ORD-10033,CUST-3195,24069,paid,SEO,Сервис,Анна,Казань,False
2026-06-02,ORD-10034,CUST-1383,0,canceled,SEO,Подписка,Анна,Екатеринбург,False
2026-06-02,ORD-10035,CUST-1046,46974,paid,Яндекс Директ,Монтаж,Анна,Казань,False
2026-06-02,ORD-10036,CUST-2304,45643,paid,Яндекс Директ,Монтаж,Анна,Казань,False
2026-06-02,ORD-10037,CUST-2793,32624,paid,Яндекс Директ,Монтаж,Мария,Казань,False
2026-06-02,ORD-10038,CUST-3136,18180,paid,Яндекс Директ,Сервис,Мария,Казань,False
2026-06-02,ORD-10039,CUST-2544,18613,paid,Telegram,Подписка,Игорь,Казань,False
2026-06-02,ORD-10040,CUST-1191,19792,paid,SEO,Подписка,Олег,Санкт-Петербург,True
2026-06-02,ORD-10041,CUST-1249,14507,paid,CRM,Доп. услуги,Игорь,Санкт-Петербург,True
2026-06-02,ORD-10042,CUST-1317,47623,paid,Яндекс Директ,Монтаж,Мария,Казань,False
2026-06-02,ORD-10043,CUST-3023,29168,paid,SEO,Монтаж,Игорь,Санкт-Петербург,False
2026-06-02,ORD-10044,CUST-1571,0,canceled,Telegram,Сервис,Мария,Казань,True
2026-06-02,ORD-10045,CUST-2776,47513,paid,Яндекс Директ,Монтаж,Олег,Екатеринбург,True
2026-06-02,ORD-10046,CUST-2059,15221,paid,Рекомендации,Доп. услуги,Анна,Москва,False
2026-06-02,ORD-10047,CUST-2123,0,canceled,CRM,Сервис,Мария,Москва,False
2026-06-02,ORD-10048,CUST-2336,0,canceled,Telegram,Сервис,Анна,Санкт-Петербург,False
2026-06-02,ORD-10049,CUST-2353,19664,paid,Яндекс Директ,Подписка,Олег,Екатеринбург,True
2026-06-02,ORD-10050,CUST-2841,35689,paid,CRM,Монтаж,Мария,Екатеринбург,True
2026-06-02,ORD-10051,CUST-1789,11380,paid,Telegram,Подписка,Олег,Москва,False
2026-06-02,ORD-10052,CUST-1042,14642,paid,Telegram,Подписка,Игорь,Санкт-Петербург,False
2026-06-02,ORD-10053,CUST-3223,34119,paid,SEO,Монтаж,Анна,Екатеринбург,False
2026-06-02,ORD-10054,CUST-3548,9066,paid,SEO,Консультация,Анна,Москва,True
2026-06-02,ORD-10055,CUST-3079,40686,paid,Яндекс Директ,Монтаж,Анна,Москва,False
2026-06-02,ORD-10056,CUST-3366,16599,paid,Telegram,Сервис,Игорь,Москва,True
2026-06-02,ORD-10057,CUST-1272,8436,paid,CRM,Доп. услуги,Мария,Санкт-Петербург,False
2026-06-02,ORD-10058,CUST-1787,4033,paid,Рекомендации,Доп. услуги,Олег,Москва,False
2026-06-02,ORD-10059,CUST-1211,13500,paid,SEO,Подписка,Игорь,Москва,False
2026-06-02,ORD-10060,CUST-1841,10959,paid,Яндекс Директ,Консультация,Анна,Казань,False
2026-06-02,ORD-10061,CUST-2757,11926,paid,SEO,Консультация,Мария,Москва,False
2026-06-02,ORD-10062,CUST-3159,7426,paid,Яндекс Директ,Сервис,Анна,Казань,True
2026-06-02,ORD-10063,CUST-2677,33778,paid,Telegram,Монтаж,Олег,Санкт-Петербург,True
2026-06-02,ORD-10064,CUST-2457,7385,paid,Яндекс Директ,Консультация,Анна,Казань,False
2026-06-02,ORD-10065,CUST-2417,0,canceled,Яндекс Директ,Сервис,Анна,Москва,False
2026-06-02,ORD-10066,CUST-2414,6115,paid,Рекомендации,Доп. услуги,Игорь,Казань,False
2026-06-02,ORD-10067,CUST-3322,13120,paid,SEO,Сервис,Мария,Екатеринбург,False
2026-06-02,ORD-10068,CUST-3361,21917,paid,Яндекс Директ,Сервис,Анна,Санкт-Петербург,True
2026-06-02,ORD-10069,CUST-3026,38262,paid,Telegram,Монтаж,Мария,Казань,False
2026-06-02,ORD-10070,CUST-2828,5965,paid,CRM,Консультация,Олег,Москва,True
2026-06-02,ORD-10071,CUST-3389,21858,paid,Яндекс Директ,Монтаж,Олег,Казань,False
2026-06-02,ORD-10072,CUST-2081,11427,paid,CRM,Сервис,Олег,Екатеринбург,False
2026-06-03,ORD-10073,CUST-1862,8202,paid,SEO,Сервис,Игорь,Екатеринбург,True
2026-06-03,ORD-10074,CUST-3304,10737,paid,Яндекс Директ,Подписка,Игорь,Казань,False
2026-06-03,ORD-10075,CUST-2200,22035,paid,SEO,Монтаж,Игорь,Москва,False
2026-06-03,ORD-10076,CUST-2849,0,canceled,Рекомендации,Монтаж,Анна,Москва,False
2026-06-03,ORD-10077,CUST-1992,0,canceled,SEO,Консультация,Мария,Екатеринбург,False
2026-06-03,ORD-10078,CUST-2573,0,canceled,Яндекс Директ,Консультация,Олег,Екатеринбург,True
2026-06-03,ORD-10079,CUST-1066,22742,paid,CRM,Подписка,Игорь,Москва,False
2026-06-03,ORD-10080,CUST-2628,49226,paid,SEO,Монтаж,Олег,Москва,False
2026-06-03,ORD-10081,CUST-3226,12808,paid,Telegram,Подписка,Мария,Москва,False
2026-06-03,ORD-10082,CUST-1991,12815,paid,CRM,Сервис,Олег,Екатеринбург,False
2026-06-03,ORD-10083,CUST-2239,12419,paid,Яндекс Директ,Доп. услуги,Мария,Москва,False
2026-06-03,ORD-10084,CUST-1454,22859,paid,Яндекс Директ,Подписка,Мария,Казань,True
2026-06-03,ORD-10085,CUST-2592,21297,paid,Рекомендации,Сервис,Мария,Москва,True
2026-06-03,ORD-10086,CUST-2277,44153,paid,Рекомендации,Монтаж,Анна,Екатеринбург,True
2026-06-03,ORD-10087,CUST-3455,37571,paid,CRM,Монтаж,Олег,Санкт-Петербург,False
2026-06-03,ORD-10088,CUST-1340,16244,paid,Telegram,Подписка,Анна,Казань,True
2026-06-03,ORD-10089,CUST-1119,10030,paid,SEO,Консультация,Анна,Казань,True
2026-06-03,ORD-10090,CUST-1096,9739,paid,SEO,Консультация,Олег,Казань,False
2026-06-03,ORD-10091,CUST-1090,39460,paid,Рекомендации,Монтаж,Игорь,Казань,True
2026-06-03,ORD-10092,CUST-1968,11796,paid,Яндекс Директ,Подписка,Игорь,Москва,True
2026-06-03,ORD-10093,CUST-1801,8185,paid,Яндекс Директ,Сервис,Мария,Санкт-Петербург,True
2026-06-03,ORD-10094,CUST-2667,0,canceled,SEO,Подписка,Олег,Санкт-Петербург,True
2026-06-03,ORD-10095,CUST-2712,34653,paid,CRM,Монтаж,Анна,Екатеринбург,False
2026-06-03,ORD-10096,CUST-1255,3470,paid,SEO,Консультация,Игорь,Екатеринбург,True
2026-06-03,ORD-10097,CUST-3456,11085,paid,Telegram,Подписка,Мария,Казань,False
2026-06-03,ORD-10098,CUST-1110,37855,paid,SEO,Монтаж,Олег,Санкт-Петербург,False
2026-06-03,ORD-10099,CUST-1921,0,canceled,SEO,Монтаж,Мария,Казань,False
2026-06-03,ORD-10100,CUST-1614,10285,paid,Яндекс Директ,Подписка,Игорь,Казань,False
2026-06-03,ORD-10101,CUST-3212,17655,paid,Рекомендации,Сервис,Анна,Санкт-Петербург,False
2026-06-03,ORD-10102,CUST-2403,0,canceled,SEO,Монтаж,Игорь,Москва,False
2026-06-03,ORD-10103,CUST-3381,21935,paid,SEO,Монтаж,Мария,Санкт-Петербург,False
2026-06-03,ORD-10104,CUST-1018,4340,paid,Яндекс Директ,Консультация,Игорь,Екатеринбург,False
2026-06-03,ORD-10105,CUST-3600,10284,paid,Telegram,Подписка,Игорь,Санкт-Петербург,False
2026-06-03,ORD-10106,CUST-2103,23251,paid,Яндекс Директ,Сервис,Игорь,Санкт-Петербург,False
2026-06-03,ORD-10107,CUST-1000,0,canceled,Яндекс Директ,Монтаж,Мария,Казань,False
2026-06-03,ORD-10108,CUST-2039,22815,paid,Яндекс Директ,Подписка,Мария,Казань,False
2026-06-03,ORD-10109,CUST-3550,8332,paid,Рекомендации,Сервис,Игорь,Казань,False
2026-06-03,ORD-10110,CUST-1610,16336,paid,SEO,Сервис,Анна,Казань,True
2026-06-03,ORD-10111,CUST-3112,20381,paid,Яндекс Директ,Монтаж,Мария,Казань,True
2026-06-03,ORD-10112,CUST-1189,9293,paid,SEO,Доп. услуги,Анна,Москва,True
2026-06-03,ORD-10113,CUST-2338,10428,paid,Рекомендации,Консультация,Олег,Екатеринбург,True
2026-06-03,ORD-10114,CUST-3419,9912,paid,Яндекс Директ,Консультация,Олег,Казань,False
2026-06-03,ORD-10115,CUST-3008,17223,paid,Яндекс Директ,Сервис,Игорь,Москва,True
2026-06-03,ORD-10116,CUST-3290,35923,paid,Яндекс Директ,Монтаж,Анна,Казань,False
2026-06-03,ORD-10117,CUST-1331,0,canceled,Яндекс Директ,Подписка,Мария,Екатеринбург,True
2026-06-04,ORD-10118,CUST-2567,12110,paid,Telegram,Подписка,Олег,Санкт-Петербург,False
2026-06-04,ORD-10119,CUST-1078,21626,paid,SEO,Сервис,Анна,Екатеринбург,False
2026-06-04,ORD-10120,CUST-3231,15587,paid,Яндекс Директ,Подписка,Игорь,Москва,False
2026-06-04,ORD-10121,CUST-2249,6646,paid,Яндекс Директ,Консультация,Игорь,Санкт-Петербург,False
2026-06-04,ORD-10122,CUST-1747,0,canceled,CRM,Доп. услуги,Анна,Москва,False
2026-06-04,ORD-10123,CUST-2487,18110,paid,Яндекс Директ,Сервис,Игорь,Москва,True
2026-06-04,ORD-10124,CUST-3526,25733,paid,Рекомендации,Монтаж,Игорь,Санкт-Петербург,True
2026-06-04,ORD-10125,CUST-3542,27107,paid,Яндекс Директ,Монтаж,Анна,Санкт-Петербург,True
2026-06-04,ORD-10126,CUST-3201,15716,paid,Яндекс Директ,Доп. услуги,Анна,Москва,True
2026-06-04,ORD-10127,CUST-2599,12146,paid,SEO,Сервис,Олег,Екатеринбург,False
2026-06-04,ORD-10128,CUST-3212,4929,paid,SEO,Консультация,Мария,Москва,False
2026-06-04,ORD-10129,CUST-1243,23626,paid,Яндекс Директ,Подписка,Игорь,Москва,True
2026-06-04,ORD-10130,CUST-3313,40704,paid,Рекомендации,Монтаж,Мария,Москва,False
2026-06-04,ORD-10131,CUST-2106,6696,paid,Рекомендации,Консультация,Игорь,Москва,False
2026-06-04,ORD-10132,CUST-1193,26120,paid,Рекомендации,Монтаж,Олег,Екатеринбург,True
2026-06-04,ORD-10133,CUST-3168,18036,paid,SEO,Сервис,Мария,Москва,True
2026-06-04,ORD-10134,CUST-1782,7223,paid,Яндекс Директ,Сервис,Игорь,Москва,False
2026-06-04,ORD-10135,CUST-1262,22309,paid,SEO,Сервис,Мария,Казань,False
2026-06-04,ORD-10136,CUST-1847,5582,paid,CRM,Консультация,Олег,Екатеринбург,False
2026-06-04,ORD-10137,CUST-2935,20802,paid,Яндекс Директ,Сервис,Анна,Санкт-Петербург,True
2026-06-04,ORD-10138,CUST-2880,36562,paid,SEO,Монтаж,Игорь,Казань,False
2026-06-04,ORD-10139,CUST-2568,9213,paid,Telegram,Консультация,Анна,Санкт-Петербург,False
2026-06-04,ORD-10140,CUST-1637,14618,paid,Яндекс Директ,Доп. услуги,Мария,Москва,False
2026-06-04,ORD-10141,CUST-3181,23040,paid,CRM,Сервис,Игорь,Санкт-Петербург,True
2026-06-04,ORD-10142,CUST-2730,13275,paid,Telegram,Подписка,Олег,Казань,False
2026-06-04,ORD-10143,CUST-2963,3022,paid,Яндекс Директ,Консультация,Игорь,Москва,False
2026-06-04,ORD-10144,CUST-2407,16847,paid,CRM,Сервис,Мария,Екатеринбург,False
2026-06-04,ORD-10145,CUST-2957,0,canceled,CRM,Консультация,Анна,Екатеринбург,True
2026-06-04,ORD-10146,CUST-1513,3121,paid,CRM,Консультация,Мария,Москва,True
2026-06-04,ORD-10147,CUST-3125,11126,paid,Рекомендации,Подписка,Игорь,Санкт-Петербург,False
2026-06-04,ORD-10148,CUST-2824,0,canceled,CRM,Подписка,Мария,Санкт-Петербург,False
2026-06-04,ORD-10149,CUST-3118,14140,paid,CRM,Доп. услуги,Игорь,Казань,False
2026-06-04,ORD-10150,CUST-1384,11376,paid,CRM,Сервис,Олег,Казань,True
2026-06-04,ORD-10151,CUST-1472,35617,paid,Рекомендации,Монтаж,Олег,Москва,True
2026-06-04,ORD-10152,CUST-1321,7346,paid,CRM,Доп. услуги,Анна,Москва,False
2026-06-04,ORD-10153,CUST-2591,11691,paid,Telegram,Сервис,Игорь,Екатеринбург,False
2026-06-04,ORD-10154,CUST-2530,42345,paid,Яндекс Директ,Монтаж,Олег,Казань,False
2026-06-04,ORD-10155,CUST-2780,43977,paid,SEO,Монтаж,Игорь,Екатеринбург,False
2026-06-04,ORD-10156,CUST-2794,10562,paid,Яндекс Директ,Сервис,Мария,Москва,False
2026-06-04,ORD-10157,CUST-2300,34364,paid,Яндекс Директ,Монтаж,Олег,Казань,False
2026-06-04,ORD-10158,CUST-1578,4432,paid,SEO,Консультация,Мария,Казань,False
2026-06-04,ORD-10159,CUST-2619,22459,paid,Яндекс Директ,Монтаж,Анна,Казань,False
2026-06-05,ORD-10160,CUST-1437,4369,paid,Яндекс Директ,Доп. услуги,Анна,Екатеринбург,False
2026-06-05,ORD-10161,CUST-1969,20541,paid,Рекомендации,Монтаж,Игорь,Казань,False
2026-06-05,ORD-10162,CUST-1456,7578,paid,Яндекс Директ,Доп. услуги,Анна,Екатеринбург,True
2026-06-05,ORD-10163,CUST-1937,13065,paid,Яндекс Директ,Подписка,Анна,Санкт-Петербург,True
2026-06-05,ORD-10164,CUST-2567,23667,paid,Яндекс Директ,Монтаж,Олег,Москва,False
2026-06-05,ORD-10165,CUST-2538,3471,paid,CRM,Консультация,Олег,Казань,False
2026-06-05,ORD-10166,CUST-2159,0,canceled,Яндекс Директ,Консультация,Игорь,Москва,True
2026-06-05,ORD-10167,CUST-3262,7587,paid,Яндекс Директ,Доп. услуги,Игорь,Москва,True
2026-06-05,ORD-10168,CUST-2337,9612,paid,CRM,Консультация,Анна,Санкт-Петербург,False
2026-06-05,ORD-10169,CUST-3596,29554,paid,CRM,Монтаж,Мария,Казань,False
2026-06-05,ORD-10170,CUST-2870,19425,paid,Яндекс Директ,Подписка,Игорь,Казань,False
2026-06-05,ORD-10171,CUST-3090,49402,paid,Яндекс Директ,Монтаж,Анна,Москва,True
2026-06-05,ORD-10172,CUST-1612,15719,paid,Telegram,Сервис,Олег,Москва,False
2026-06-05,ORD-10173,CUST-1777,0,canceled,CRM,Монтаж,Мария,Санкт-Петербург,False
2026-06-05,ORD-10174,CUST-2844,10209,paid,Яндекс Директ,Консультация,Анна,Санкт-Петербург,False
2026-06-05,ORD-10175,CUST-1812,10805,paid,Яндекс Директ,Подписка,Мария,Екатеринбург,False
2026-06-05,ORD-10176,CUST-3276,15582,paid,Telegram,Доп. услуги,Анна,Москва,True
2026-06-05,ORD-10177,CUST-2125,22537,paid,CRM,Подписка,Олег,Москва,False
2026-06-05,ORD-10178,CUST-2100,5174,paid,Яндекс Директ,Доп. услуги,Мария,Екатеринбург,False
2026-06-05,ORD-10179,CUST-1526,24438,paid,Рекомендации,Сервис,Мария,Санкт-Петербург,False
2026-06-05,ORD-10180,CUST-2237,23609,paid,Telegram,Подписка,Олег,Казань,True
2026-06-05,ORD-10181,CUST-1513,8216,paid,CRM,Доп. услуги,Олег,Казань,False
2026-06-05,ORD-10182,CUST-1452,10411,paid,Яндекс Директ,Консультация,Игорь,Екатеринбург,True
2026-06-05,ORD-10183,CUST-2853,28459,paid,SEO,Монтаж,Олег,Екатеринбург,False
2026-06-05,ORD-10184,CUST-1204,17734,paid,Рекомендации,Сервис,Анна,Москва,False
2026-06-05,ORD-10185,CUST-2709,16182,paid,Яндекс Директ,Подписка,Олег,Екатеринбург,True
2026-06-05,ORD-10186,CUST-2297,10429,paid,CRM,Подписка,Игорь,Санкт-Петербург,False
2026-06-05,ORD-10187,CUST-1222,43331,paid,Яндекс Директ,Монтаж,Мария,Екатеринбург,False
2026-06-05,ORD-10188,CUST-1610,9168,paid,Telegram,Доп. услуги,Мария,Екатеринбург,False
2026-06-05,ORD-10189,CUST-3297,17598,paid,Яндекс Директ,Доп. услуги,Игорь,Санкт-Петербург,False
2026-06-05,ORD-10190,CUST-2440,13768,paid,Яндекс Директ,Подписка,Олег,Екатеринбург,True
2026-06-05,ORD-10191,CUST-2303,7419,paid,CRM,Консультация,Игорь,Москва,False
2026-06-05,ORD-10192,CUST-2919,8949,paid,Рекомендации,Доп. услуги,Мария,Екатеринбург,True
2026-06-05,ORD-10193,CUST-3300,4753,paid,Telegram,Доп. услуги,Олег,Санкт-Петербург,False
2026-06-05,ORD-10194,CUST-2349,7653,paid,Рекомендации,Сервис,Мария,Санкт-Петербург,False
2026-06-05,ORD-10195,CUST-1832,18819,paid,SEO,Монтаж,Мария,Москва,True
2026-06-06,ORD-10196,CUST-1900,27883,paid,Яндекс Директ,Монтаж,Анна,Екатеринбург,False
2026-06-06,ORD-10197,CUST-2479,7980,paid,Яндекс Директ,Сервис,Олег,Москва,True
2026-06-06,ORD-10198,CUST-2358,17621,paid,Яндекс Директ,Сервис,Мария,Москва,False
2026-06-06,ORD-10199,CUST-1155,19615,paid,Telegram,Монтаж,Игорь,Москва,True
2026-06-06,ORD-10200,CUST-2508,0,canceled,Telegram,Сервис,Игорь,Санкт-Петербург,True
2026-06-06,ORD-10201,CUST-1884,0,canceled,CRM,Подписка,Олег,Казань,True
2026-06-06,ORD-10202,CUST-1997,27756,paid,CRM,Монтаж,Игорь,Санкт-Петербург,True
2026-06-06,ORD-10203,CUST-2715,3430,paid,CRM,Консультация,Анна,Казань,False
2026-06-06,ORD-10204,CUST-2545,15386,paid,Telegram,Доп. услуги,Олег,Санкт-Петербург,False
2026-06-06,ORD-10205,CUST-3391,19965,paid,SEO,Монтаж,Игорь,Москва,False
2026-06-06,ORD-10206,CUST-2419,39806,paid,Яндекс Директ,Монтаж,Игорь,Москва,False
2026-06-06,ORD-10207,CUST-3446,24200,paid,SEO,Монтаж,Мария,Москва,True
2026-06-06,ORD-10208,CUST-1609,22812,paid,Telegram,Подписка,Мария,Екатеринбург,False
2026-06-06,ORD-10209,CUST-3279,7654,paid,SEO,Доп. услуги,Мария,Екатеринбург,False
2026-06-06,ORD-10210,CUST-1727,0,canceled,Яндекс Директ,Сервис,Игорь,Казань,False
2026-06-06,ORD-10211,CUST-1315,0,canceled,Рекомендации,Сервис,Олег,Санкт-Петербург,True
2026-06-06,ORD-10212,CUST-2892,18295,paid,CRM,Подписка,Анна,Санкт-Петербург,False
2026-06-06,ORD-10213,CUST-1521,10869,paid,SEO,Сервис,Мария,Санкт-Петербург,False
2026-06-06,ORD-10214,CUST-1585,45645,paid,Яндекс Директ,Монтаж,Олег,Москва,False
2026-06-06,ORD-10215,CUST-1664,18343,paid,CRM,Подписка,Анна,Казань,False
2026-06-06,ORD-10216,CUST-2123,44987,paid,Telegram,Монтаж,Олег,Санкт-Петербург,True
2026-06-06,ORD-10217,CUST-2475,6556,paid,Telegram,Консультация,Мария,Екатеринбург,False
2026-06-06,ORD-10218,CUST-1481,20126,paid,SEO,Сервис,Олег,Москва,False
2026-06-06,ORD-10219,CUST-2677,0,canceled,SEO,Сервис,Игорь,Москва,False
2026-06-06,ORD-10220,CUST-1530,0,canceled,Яндекс Директ,Монтаж,Игорь,Екатеринбург,False
2026-06-06,ORD-10221,CUST-2610,12925,paid,SEO,Сервис,Анна,Москва,False
2026-06-06,ORD-10222,CUST-2273,12342,paid,SEO,Подписка,Игорь,Москва,False
2026-06-06,ORD-10223,CUST-1874,47171,paid,Яндекс Директ,Монтаж,Игорь,Санкт-Петербург,False
2026-06-06,ORD-10224,CUST-1123,38643,paid,SEO,Монтаж,Мария,Екатеринбург,True
2026-06-06,ORD-10225,CUST-1613,23729,paid,Яндекс Директ,Подписка,Игорь,Москва,False
2026-06-06,ORD-10226,CUST-1035,8733,paid,Telegram,Консультация,Игорь,Казань,True
2026-06-06,ORD-10227,CUST-2498,36471,paid,Яндекс Директ,Монтаж,Олег,Екатеринбург,True
2026-06-06,ORD-10228,CUST-2931,6787,paid,CRM,Консультация,Анна,Москва,False
2026-06-06,ORD-10229,CUST-2192,33193,paid,Рекомендации,Монтаж,Мария,Екатеринбург,True
2026-06-06,ORD-10230,CUST-2007,0,canceled,Яндекс Директ,Монтаж,Анна,Казань,True
2026-06-07,ORD-10231,CUST-2062,10061,paid,CRM,Сервис,Игорь,Санкт-Петербург,False
2026-06-07,ORD-10232,CUST-1315,11026,paid,CRM,Доп. услуги,Мария,Санкт-Петербург,False
2026-06-07,ORD-10233,CUST-2567,0,canceled,Telegram,Сервис,Олег,Екатеринбург,True
2026-06-07,ORD-10234,CUST-2450,13365,paid,Рекомендации,Доп. услуги,Олег,Екатеринбург,True
2026-06-07,ORD-10235,CUST-2474,14662,paid,Яндекс Директ,Подписка,Мария,Москва,False
2026-06-07,ORD-10236,CUST-1772,21659,paid,Telegram,Монтаж,Мария,Москва,True
2026-06-07,ORD-10237,CUST-2198,19105,paid,Яндекс Директ,Сервис,Игорь,Екатеринбург,False
2026-06-07,ORD-10238,CUST-3477,12187,paid,Яндекс Директ,Сервис,Олег,Москва,False
2026-06-07,ORD-10239,CUST-1940,13614,paid,SEO,Подписка,Олег,Москва,False
2026-06-07,ORD-10240,CUST-2486,47467,paid,Яндекс Директ,Монтаж,Игорь,Москва,False
2026-06-07,ORD-10241,CUST-1700,46019,paid,Яндекс Директ,Монтаж,Игорь,Москва,False
2026-06-07,ORD-10242,CUST-1105,0,canceled,Telegram,Монтаж,Анна,Москва,False
2026-06-07,ORD-10243,CUST-1381,17027,paid,Яндекс Директ,Сервис,Анна,Казань,True
2026-06-07,ORD-10244,CUST-2556,9101,paid,Яндекс Директ,Подписка,Игорь,Екатеринбург,False
2026-06-07,ORD-10245,CUST-1705,22253,paid,CRM,Сервис,Олег,Казань,True
2026-06-07,ORD-10246,CUST-3546,21832,paid,SEO,Монтаж,Олег,Санкт-Петербург,False
2026-06-07,ORD-10247,CUST-2560,5807,paid,Telegram,Консультация,Игорь,Москва,False
2026-06-07,ORD-10248,CUST-1306,38284,paid,Яндекс Директ,Монтаж,Мария,Москва,False
2026-06-07,ORD-10249,CUST-2358,21589,paid,Telegram,Подписка,Анна,Санкт-Петербург,False
2026-06-07,ORD-10250,CUST-2889,4088,paid,SEO,Доп. услуги,Игорь,Казань,True
2026-06-07,ORD-10251,CUST-2685,32834,paid,Яндекс Директ,Монтаж,Олег,Казань,False
2026-06-07,ORD-10252,CUST-2049,13097,paid,CRM,Доп. услуги,Олег,Казань,False
2026-06-07,ORD-10253,CUST-1729,43861,paid,Рекомендации,Монтаж,Анна,Екатеринбург,False
2026-06-07,ORD-10254,CUST-2805,11636,paid,Яндекс Директ,Консультация,Анна,Москва,False
2026-06-07,ORD-10255,CUST-1651,5881,paid,Рекомендации,Консультация,Мария,Екатеринбург,False
2026-06-07,ORD-10256,CUST-2147,6664,paid,SEO,Доп. услуги,Олег,Екатеринбург,True
2026-06-07,ORD-10257,CUST-1303,19730,paid,CRM,Сервис,Мария,Санкт-Петербург,True
2026-06-07,ORD-10258,CUST-3160,13505,paid,Яндекс Директ,Подписка,Олег,Казань,True
2026-06-07,ORD-10259,CUST-2499,0,canceled,Яндекс Директ,Монтаж,Олег,Екатеринбург,True
2026-06-07,ORD-10260,CUST-2818,9363,paid,CRM,Консультация,Анна,Екатеринбург,False
2026-06-07,ORD-10261,CUST-1615,11431,paid,CRM,Консультация,Анна,Москва,False
2026-06-07,ORD-10262,CUST-1214,0,canceled,SEO,Сервис,Олег,Москва,False
2026-06-07,ORD-10263,CUST-3343,5301,paid,Яндекс Директ,Доп. услуги,Мария,Казань,False
2026-06-07,ORD-10264,CUST-3370,24591,paid,SEO,Монтаж,Игорь,Москва,False
2026-06-08,ORD-10265,CUST-2780,14163,paid,CRM,Доп. услуги,Олег,Казань,False
2026-06-08,ORD-10266,CUST-1290,11039,paid,Яндекс Директ,Сервис,Игорь,Екатеринбург,False
2026-06-08,ORD-10267,CUST-2127,41387,paid,Telegram,Монтаж,Олег,Санкт-Петербург,True
2026-06-08,ORD-10268,CUST-1978,21997,paid,Рекомендации,Сервис,Игорь,Москва,False
2026-06-08,ORD-10269,CUST-1897,0,canceled,Яндекс Директ,Консультация,Олег,Москва,False
2026-06-08,ORD-10270,CUST-3531,17961,paid,SEO,Доп. услуги,Анна,Казань,True
2026-06-08,ORD-10271,CUST-2242,19970,paid,Яндекс Директ,Подписка,Анна,Екатеринбург,False
2026-06-08,ORD-10272,CUST-1944,8568,paid,SEO,Консультация,Мария,Москва,True
2026-06-08,ORD-10273,CUST-1867,0,canceled,Яндекс Директ,Монтаж,Игорь,Казань,False
2026-06-08,ORD-10274,CUST-3406,16753,paid,Рекомендации,Подписка,Игорь,Казань,False
2026-06-08,ORD-10275,CUST-3082,22919,paid,SEO,Подписка,Анна,Казань,True
2026-06-08,ORD-10276,CUST-2865,5619,paid,SEO,Доп. услуги,Игорь,Екатеринбург,False
2026-06-08,ORD-10277,CUST-2017,46946,paid,SEO,Монтаж,Мария,Москва,False
2026-06-08,ORD-10278,CUST-1640,18457,paid,Яндекс Директ,Сервис,Олег,Казань,False
2026-06-08,ORD-10279,CUST-1981,39735,paid,Яндекс Директ,Монтаж,Игорь,Санкт-Петербург,False
2026-06-08,ORD-10280,CUST-2960,13597,paid,Рекомендации,Сервис,Игорь,Екатеринбург,True
2026-06-08,ORD-10281,CUST-2545,18566,paid,Яндекс Директ,Монтаж,Анна,Москва,False
2026-06-08,ORD-10282,CUST-2744,0,canceled,Telegram,Доп. услуги,Олег,Москва,False
2026-06-08,ORD-10283,CUST-1600,0,canceled,Telegram,Подписка,Мария,Москва,True
2026-06-08,ORD-10284,CUST-2785,5212,paid,CRM,Консультация,Мария,Екатеринбург,False
2026-06-08,ORD-10285,CUST-2237,3111,paid,CRM,Консультация,Анна,Москва,False
2026-06-08,ORD-10286,CUST-2259,5015,paid,Рекомендации,Консультация,Игорь,Казань,True
2026-06-08,ORD-10287,CUST-3315,15059,paid,SEO,Подписка,Анна,Санкт-Петербург,False
2026-06-08,ORD-10288,CUST-1416,50175,paid,Яндекс Директ,Монтаж,Мария,Москва,False
2026-06-08,ORD-10289,CUST-1448,39158,paid,SEO,Монтаж,Олег,Казань,True
2026-06-08,ORD-10290,CUST-1887,0,canceled,Яндекс Директ,Монтаж,Олег,Екатеринбург,True
2026-06-08,ORD-10291,CUST-3378,6684,paid,SEO,Консультация,Игорь,Казань,False
2026-06-08,ORD-10292,CUST-1002,9123,paid,SEO,Консультация,Анна,Казань,False
2026-06-08,ORD-10293,CUST-3437,35439,paid,CRM,Монтаж,Анна,Москва,True
2026-06-08,ORD-10294,CUST-2466,13971,paid,Рекомендации,Доп. услуги,Олег,Екатеринбург,False
2026-06-08,ORD-10295,CUST-2369,9047,paid,SEO,Доп. услуги,Анна,Екатеринбург,True
2026-06-08,ORD-10296,CUST-2356,25531,paid,Telegram,Монтаж,Анна,Москва,True
2026-06-08,ORD-10297,CUST-3075,12106,paid,Telegram,Доп. услуги,Олег,Москва,False
2026-06-08,ORD-10298,CUST-2446,14367,paid,Telegram,Подписка,Игорь,Москва,False
2026-06-08,ORD-10299,CUST-3053,40095,paid,SEO,Монтаж,Игорь,Казань,True
2026-06-08,ORD-10300,CUST-2894,20687,paid,Яндекс Директ,Подписка,Игорь,Санкт-Петербург,False
2026-06-08,ORD-10301,CUST-2338,11653,paid,Telegram,Доп. услуги,Анна,Казань,True
2026-06-08,ORD-10302,CUST-3331,8543,paid,CRM,Сервис,Мария,Санкт-Петербург,False
2026-06-08,ORD-10303,CUST-2874,21974,paid,Telegram,Монтаж,Мария,Казань,False
2026-06-08,ORD-10304,CUST-2164,24268,paid,Telegram,Сервис,Олег,Москва,False
2026-06-08,ORD-10305,CUST-3550,31499,paid,Яндекс Директ,Монтаж,Мария,Казань,True
2026-06-09,ORD-10306,CUST-2534,23029,paid,SEO,Монтаж,Олег,Казань,False
2026-06-09,ORD-10307,CUST-1689,19078,paid,SEO,Монтаж,Мария,Казань,True
2026-06-09,ORD-10308,CUST-3348,24551,paid,Telegram,Сервис,Олег,Москва,False
2026-06-09,ORD-10309,CUST-2295,41209,paid,Рекомендации,Монтаж,Анна,Москва,False
2026-06-09,ORD-10310,CUST-1481,22950,paid,Яндекс Директ,Монтаж,Игорь,Екатеринбург,True
2026-06-09,ORD-10311,CUST-1798,10568,paid,SEO,Подписка,Анна,Екатеринбург,True
2026-06-09,ORD-10312,CUST-1954,14772,paid,Яндекс Директ,Сервис,Мария,Санкт-Петербург,False
2026-06-09,ORD-10313,CUST-2863,8559,paid,CRM,Консультация,Мария,Казань,False
2026-06-09,ORD-10314,CUST-2628,0,canceled,Яндекс Директ,Доп. услуги,Анна,Санкт-Петербург,False
2026-06-09,ORD-10315,CUST-1313,17662,paid,Яндекс Директ,Сервис,Олег,Казань,True
2026-06-09,ORD-10316,CUST-1606,42582,paid,CRM,Монтаж,Игорь,Казань,False
2026-06-09,ORD-10317,CUST-3583,38541,paid,Рекомендации,Монтаж,Мария,Санкт-Петербург,False
2026-06-09,ORD-10318,CUST-2051,3340,paid,SEO,Консультация,Олег,Москва,False
2026-06-09,ORD-10319,CUST-1884,10708,paid,Яндекс Директ,Консультация,Олег,Санкт-Петербург,True
2026-06-09,ORD-10320,CUST-1184,30227,paid,Яндекс Директ,Монтаж,Игорь,Казань,False
2026-06-09,ORD-10321,CUST-2079,23999,paid,Telegram,Подписка,Анна,Казань,False
2026-06-09,ORD-10322,CUST-1347,5789,paid,SEO,Доп. услуги,Анна,Екатеринбург,False
2026-06-09,ORD-10323,CUST-1331,17593,paid,Яндекс Директ,Подписка,Олег,Екатеринбург,True
2026-06-09,ORD-10324,CUST-2330,21865,paid,Яндекс Директ,Монтаж,Анна,Казань,True
2026-06-09,ORD-10325,CUST-1266,10318,paid,SEO,Доп. услуги,Игорь,Казань,True
2026-06-09,ORD-10326,CUST-2349,4558,paid,Яндекс Директ,Консультация,Мария,Санкт-Петербург,True
2026-06-09,ORD-10327,CUST-1105,15776,paid,SEO,Доп. услуги,Мария,Казань,False
2026-06-09,ORD-10328,CUST-2888,9978,paid,Рекомендации,Доп. услуги,Мария,Санкт-Петербург,False
2026-06-09,ORD-10329,CUST-1576,0,canceled,SEO,Монтаж,Анна,Екатеринбург,True
2026-06-09,ORD-10330,CUST-2886,8144,paid,SEO,Доп. услуги,Анна,Екатеринбург,True
2026-06-09,ORD-10331,CUST-1672,14451,paid,Telegram,Подписка,Олег,Санкт-Петербург,True
2026-06-09,ORD-10332,CUST-1712,47700,paid,SEO,Монтаж,Мария,Санкт-Петербург,False
2026-06-09,ORD-10333,CUST-2675,25087,paid,Яндекс Директ,Монтаж,Игорь,Екатеринбург,False
2026-06-09,ORD-10334,CUST-1246,10420,paid,Яндекс Директ,Доп. услуги,Анна,Екатеринбург,False
2026-06-09,ORD-10335,CUST-2884,0,canceled,Яндекс Директ,Монтаж,Мария,Санкт-Петербург,True
2026-06-09,ORD-10336,CUST-1384,6080,paid,Рекомендации,Доп. услуги,Мария,Санкт-Петербург,True
2026-06-09,ORD-10337,CUST-1992,8602,paid,Яндекс Директ,Доп. услуги,Анна,Москва,False
2026-06-09,ORD-10338,CUST-2880,15853,paid,CRM,Сервис,Игорь,Екатеринбург,True
2026-06-09,ORD-10339,CUST-1158,35965,paid,CRM,Монтаж,Олег,Москва,True
2026-06-09,ORD-10340,CUST-2739,0,canceled,Яндекс Директ,Доп. услуги,Анна,Москва,True
2026-06-09,ORD-10341,CUST-1388,4007,paid,Telegram,Консультация,Мария,Екатеринбург,True
2026-06-09,ORD-10342,CUST-1772,10746,paid,Яндекс Директ,Подписка,Мария,Москва,False
2026-06-09,ORD-10343,CUST-1342,15948,paid,CRM,Доп. услуги,Игорь,Екатеринбург,False
2026-06-09,ORD-10344,CUST-3031,50533,paid,Telegram,Монтаж,Игорь,Санкт-Петербург,True
2026-06-09,ORD-10345,CUST-2756,21466,paid,SEO,Подписка,Олег,Москва,False
2026-06-09,ORD-10346,CUST-1734,14975,paid,Telegram,Сервис,Олег,Санкт-Петербург,False
2026-06-09,ORD-10347,CUST-2599,47401,paid,Яндекс Директ,Монтаж,Олег,Казань,True
2026-06-09,ORD-10348,CUST-2174,4314,paid,Telegram,Консультация,Анна,Москва,False
2026-06-09,ORD-10349,CUST-1139,18492,paid,Telegram,Подписка,Анна,Екатеринбург,True
2026-06-09,ORD-10350,CUST-1506,5612,paid,CRM,Консультация,Олег,Екатеринбург,False
2026-06-09,ORD-10351,CUST-1498,11459,paid,Яндекс Директ,Консультация,Мария,Казань,True
2026-06-09,ORD-10352,CUST-2378,24671,paid,SEO,Монтаж,Олег,Санкт-Петербург,False
2026-06-09,ORD-10353,CUST-1450,49867,paid,Яндекс Директ,Монтаж,Анна,Екатеринбург,False
2026-06-09,ORD-10354,CUST-3198,22933,paid,Рекомендации,Монтаж,Олег,Казань,True
2026-06-10,ORD-10355,CUST-2342,17111,paid,Telegram,Подписка,Мария,Санкт-Петербург,True
2026-06-10,ORD-10356,CUST-3430,3992,paid,Telegram,Консультация,Анна,Санкт-Петербург,False
2026-06-10,ORD-10357,CUST-1274,8140,paid,CRM,Сервис,Игорь,Казань,True
2026-06-10,ORD-10358,CUST-1951,13044,paid,Яндекс Директ,Доп. услуги,Анна,Екатеринбург,True
2026-06-10,ORD-10359,CUST-1247,24545,paid,Яндекс Директ,Сервис,Анна,Санкт-Петербург,False
2026-06-10,ORD-10360,CUST-2402,16674,paid,CRM,Сервис,Олег,Екатеринбург,False
2026-06-10,ORD-10361,CUST-2638,12898,paid,Яндекс Директ,Сервис,Игорь,Москва,False
2026-06-10,ORD-10362,CUST-1472,44899,paid,Telegram,Монтаж,Олег,Санкт-Петербург,False
2026-06-10,ORD-10363,CUST-1211,0,canceled,Яндекс Директ,Сервис,Анна,Санкт-Петербург,False
2026-06-10,ORD-10364,CUST-1848,6237,paid,Яндекс Директ,Доп. услуги,Мария,Санкт-Петербург,False
2026-06-10,ORD-10365,CUST-1044,25227,paid,Telegram,Монтаж,Анна,Екатеринбург,False
2026-06-10,ORD-10366,CUST-1044,7873,paid,Яндекс Директ,Доп. услуги,Олег,Москва,True
2026-06-10,ORD-10367,CUST-2499,16336,paid,Рекомендации,Доп. услуги,Анна,Санкт-Петербург,True
2026-06-10,ORD-10368,CUST-2890,49225,paid,Яндекс Директ,Монтаж,Игорь,Москва,False
2026-06-10,ORD-10369,CUST-3111,0,canceled,Telegram,Сервис,Мария,Москва,False
2026-06-10,ORD-10370,CUST-2548,3667,paid,Telegram,Консультация,Анна,Екатеринбург,False
2026-06-10,ORD-10371,CUST-2913,45249,paid,CRM,Монтаж,Мария,Москва,True
2026-06-10,ORD-10372,CUST-1913,22520,paid,Telegram,Подписка,Анна,Екатеринбург,False
2026-06-10,ORD-10373,CUST-1223,0,canceled,CRM,Монтаж,Мария,Екатеринбург,False
2026-06-10,ORD-10374,CUST-1289,6209,paid,SEO,Консультация,Анна,Екатеринбург,True
2026-06-10,ORD-10375,CUST-3445,12248,paid,Яндекс Директ,Доп. услуги,Игорь,Москва,True
2026-06-10,ORD-10376,CUST-1448,10302,paid,Яндекс Директ,Подписка,Олег,Санкт-Петербург,True
2026-06-10,ORD-10377,CUST-2912,6102,paid,SEO,Доп. услуги,Мария,Екатеринбург,True
2026-06-10,ORD-10378,CUST-3531,4730,paid,SEO,Консультация,Мария,Казань,True
2026-06-10,ORD-10379,CUST-2999,21279,paid,Яндекс Директ,Подписка,Игорь,Москва,False
2026-06-10,ORD-10380,CUST-2460,22725,paid,CRM,Сервис,Анна,Екатеринбург,True
2026-06-10,ORD-10381,CUST-3355,4977,paid,Яндекс Директ,Консультация,Мария,Екатеринбург,True
2026-06-10,ORD-10382,CUST-1398,30044,paid,Яндекс Директ,Монтаж,Олег,Санкт-Петербург,True
2026-06-10,ORD-10383,CUST-1495,10736,paid,Telegram,Консультация,Анна,Екатеринбург,False
2026-06-10,ORD-10384,CUST-1107,12183,paid,Telegram,Подписка,Мария,Екатеринбург,True
2026-06-10,ORD-10385,CUST-3046,45538,paid,Рекомендации,Монтаж,Мария,Екатеринбург,True
2026-06-10,ORD-10386,CUST-3444,11757,paid,Рекомендации,Сервис,Мария,Екатеринбург,False
2026-06-10,ORD-10387,CUST-2906,27846,paid,SEO,Монтаж,Анна,Москва,False
2026-06-10,ORD-10388,CUST-1167,9807,paid,SEO,Консультация,Олег,Казань,True
2026-06-10,ORD-10389,CUST-2024,9084,paid,Telegram,Консультация,Олег,Екатеринбург,False
2026-06-10,ORD-10390,CUST-2644,0,canceled,SEO,Монтаж,Игорь,Москва,False
2026-06-10,ORD-10391,CUST-3387,34278,paid,SEO,Монтаж,Мария,Казань,False
2026-06-10,ORD-10392,CUST-1150,13150,paid,Telegram,Сервис,Игорь,Санкт-Петербург,True
2026-06-10,ORD-10393,CUST-2303,11665,paid,Telegram,Консультация,Анна,Санкт-Петербург,True
2026-06-10,ORD-10394,CUST-2791,18133,paid,SEO,Монтаж,Олег,Екатеринбург,False
2026-06-10,ORD-10395,CUST-1791,21694,paid,Рекомендации,Монтаж,Мария,Санкт-Петербург,True
2026-06-10,ORD-10396,CUST-1573,12110,paid,SEO,Сервис,Мария,Екатеринбург,True
2026-06-10,ORD-10397,CUST-1925,24628,paid,Яндекс Директ,Монтаж,Игорь,Казань,True
2026-06-10,ORD-10398,CUST-3506,25212,paid,Рекомендации,Монтаж,Мария,Казань,False
2026-06-11,ORD-10399,CUST-3422,18425,paid,SEO,Подписка,Анна,Екатеринбург,False
2026-06-11,ORD-10400,CUST-2452,8056,paid,Яндекс Директ,Доп. услуги,Олег,Казань,False
2026-06-11,ORD-10401,CUST-1375,0,canceled,Яндекс Директ,Подписка,Мария,Москва,False
2026-06-11,ORD-10402,CUST-1281,6710,paid,Яндекс Директ,Консультация,Анна,Москва,False
2026-06-11,ORD-10403,CUST-3213,9404,paid,Яндекс Директ,Сервис,Анна,Москва,True
2026-06-11,ORD-10404,CUST-3472,0,canceled,Яндекс Директ,Консультация,Игорь,Екатеринбург,True
2026-06-11,ORD-10405,CUST-3517,8428,paid,CRM,Доп. услуги,Мария,Казань,True
2026-06-11,ORD-10406,CUST-1034,18689,paid,Яндекс Директ,Сервис,Игорь,Казань,True
2026-06-11,ORD-10407,CUST-3373,13720,paid,Яндекс Директ,Доп. услуги,Мария,Екатеринбург,True
2026-06-11,ORD-10408,CUST-1103,24335,paid,Рекомендации,Монтаж,Анна,Москва,False
2026-06-11,ORD-10409,CUST-1048,41324,paid,Рекомендации,Монтаж,Игорь,Санкт-Петербург,False
2026-06-11,ORD-10410,CUST-1311,0,canceled,Яндекс Директ,Сервис,Мария,Екатеринбург,False
2026-06-11,ORD-10411,CUST-2033,11519,paid,Рекомендации,Доп. услуги,Игорь,Москва,True
2026-06-11,ORD-10412,CUST-3270,22276,paid,SEO,Подписка,Игорь,Казань,True
2026-06-11,ORD-10413,CUST-1221,0,canceled,Яндекс Директ,Доп. услуги,Олег,Санкт-Петербург,False
2026-06-11,ORD-10414,CUST-2846,8952,paid,SEO,Сервис,Анна,Санкт-Петербург,False
2026-06-11,ORD-10415,CUST-2123,9400,paid,Яндекс Директ,Консультация,Анна,Екатеринбург,False
2026-06-11,ORD-10416,CUST-2393,6073,paid,SEO,Доп. услуги,Анна,Москва,True
2026-06-11,ORD-10417,CUST-3488,23889,paid,SEO,Монтаж,Анна,Екатеринбург,False
2026-06-11,ORD-10418,CUST-2799,8233,paid,SEO,Доп. услуги,Олег,Екатеринбург,False
2026-06-11,ORD-10419,CUST-3183,10498,paid,Яндекс Директ,Консультация,Олег,Казань,True
2026-06-11,ORD-10420,CUST-1049,8142,paid,SEO,Консультация,Олег,Санкт-Петербург,False
2026-06-11,ORD-10421,CUST-2164,46978,paid,Рекомендации,Монтаж,Мария,Москва,True
2026-06-11,ORD-10422,CUST-1896,15775,paid,Яндекс Директ,Сервис,Анна,Казань,False
2026-06-11,ORD-10423,CUST-1607,21370,paid,CRM,Сервис,Олег,Екатеринбург,False
2026-06-11,ORD-10424,CUST-2879,14063,paid,CRM,Доп. услуги,Олег,Екатеринбург,False
2026-06-11,ORD-10425,CUST-1605,45585,paid,CRM,Монтаж,Анна,Москва,True
2026-06-11,ORD-10426,CUST-1662,9499,paid,Яндекс Директ,Доп. услуги,Анна,Екатеринбург,True
2026-06-11,ORD-10427,CUST-2033,18457,paid,Яндекс Директ,Монтаж,Анна,Москва,False
2026-06-11,ORD-10428,CUST-3468,6658,paid,Telegram,Консультация,Игорь,Москва,True
2026-06-11,ORD-10429,CUST-2982,37964,paid,Рекомендации,Монтаж,Анна,Москва,True
2026-06-11,ORD-10430,CUST-1269,3073,paid,SEO,Консультация,Игорь,Екатеринбург,False
2026-06-11,ORD-10431,CUST-1298,12105,paid,Яндекс Директ,Доп. услуги,Анна,Москва,True
2026-06-11,ORD-10432,CUST-2685,11645,paid,Яндекс Директ,Консультация,Игорь,Екатеринбург,False
2026-06-11,ORD-10433,CUST-1982,5612,paid,CRM,Консультация,Мария,Санкт-Петербург,False
2026-06-11,ORD-10434,CUST-1367,23969,paid,SEO,Монтаж,Олег,Москва,False
2026-06-11,ORD-10435,CUST-3061,17837,paid,Яндекс Директ,Сервис,Олег,Екатеринбург,False
2026-06-11,ORD-10436,CUST-1010,8950,paid,SEO,Доп. услуги,Олег,Казань,True
2026-06-11,ORD-10437,CUST-1301,9656,paid,Яндекс Директ,Консультация,Анна,Казань,False
2026-06-11,ORD-10438,CUST-1576,18249,paid,SEO,Монтаж,Мария,Казань,False
2026-06-11,ORD-10439,CUST-2051,36417,paid,Telegram,Монтаж,Игорь,Казань,False
2026-06-11,ORD-10440,CUST-1728,9199,paid,Telegram,Консультация,Анна,Екатеринбург,True
2026-06-11,ORD-10441,CUST-3555,14972,paid,SEO,Доп. услуги,Мария,Екатеринбург,False
2026-06-11,ORD-10442,CUST-2993,7995,paid,Telegram,Консультация,Мария,Москва,False
2026-06-11,ORD-10443,CUST-1118,7868,paid,CRM,Консультация,Игорь,Москва,True
2026-06-11,ORD-10444,CUST-1243,0,canceled,Telegram,Подписка,Олег,Казань,False
2026-06-11,ORD-10445,CUST-3563,8374,paid,Telegram,Консультация,Мария,Санкт-Петербург,False
2026-06-11,ORD-10446,CUST-2939,47460,paid,SEO,Монтаж,Игорь,Екатеринбург,False
2026-06-11,ORD-10447,CUST-3463,49346,paid,Яндекс Директ,Монтаж,Анна,Санкт-Петербург,False
2026-06-11,ORD-10448,CUST-1768,19065,paid,Яндекс Директ,Сервис,Анна,Санкт-Петербург,False
2026-06-12,ORD-10449,CUST-1171,7009,paid,CRM,Сервис,Игорь,Екатеринбург,False
2026-06-12,ORD-10450,CUST-3115,0,canceled,Яндекс Директ,Монтаж,Анна,Москва,False
2026-06-12,ORD-10451,CUST-2624,23606,paid,Telegram,Сервис,Олег,Казань,False
2026-06-12,ORD-10452,CUST-1389,33142,paid,Яндекс Директ,Монтаж,Игорь,Казань,False
2026-06-12,ORD-10453,CUST-2424,13611,paid,Яндекс Директ,Доп. услуги,Анна,Москва,False
2026-06-12,ORD-10454,CUST-2539,11744,paid,CRM,Подписка,Анна,Санкт-Петербург,False
2026-06-12,ORD-10455,CUST-2947,16754,paid,SEO,Подписка,Анна,Казань,True
2026-06-12,ORD-10456,CUST-3497,7573,paid,Рекомендации,Консультация,Мария,Екатеринбург,False
2026-06-12,ORD-10457,CUST-1036,7822,paid,Рекомендации,Консультация,Мария,Санкт-Петербург,True
2026-06-12,ORD-10458,CUST-1816,21522,paid,CRM,Монтаж,Игорь,Москва,False
2026-06-12,ORD-10459,CUST-1707,9880,paid,CRM,Подписка,Мария,Казань,False
2026-06-12,ORD-10460,CUST-1709,0,canceled,Telegram,Монтаж,Мария,Казань,True
2026-06-12,ORD-10461,CUST-1905,7806,paid,CRM,Консультация,Игорь,Санкт-Петербург,False
2026-06-12,ORD-10462,CUST-2102,44519,paid,Рекомендации,Монтаж,Игорь,Екатеринбург,False
2026-06-12,ORD-10463,CUST-1258,23647,paid,Рекомендации,Сервис,Олег,Екатеринбург,False
2026-06-12,ORD-10464,CUST-2477,41564,paid,SEO,Монтаж,Олег,Санкт-Петербург,False
2026-06-12,ORD-10465,CUST-1625,11800,paid,CRM,Подписка,Игорь,Казань,False
2026-06-12,ORD-10466,CUST-1143,0,canceled,SEO,Монтаж,Олег,Екатеринбург,False
2026-06-12,ORD-10467,CUST-3553,9953,paid,Telegram,Консультация,Анна,Казань,True
2026-06-12,ORD-10468,CUST-1126,9707,paid,Telegram,Подписка,Анна,Екатеринбург,True
2026-06-12,ORD-10469,CUST-2363,17281,paid,Яндекс Директ,Доп. услуги,Мария,Санкт-Петербург,False
2026-06-12,ORD-10470,CUST-1275,34631,paid,SEO,Монтаж,Мария,Санкт-Петербург,False
2026-06-12,ORD-10471,CUST-3174,15402,paid,Яндекс Директ,Доп. услуги,Игорь,Казань,True
2026-06-12,ORD-10472,CUST-3504,4111,paid,Яндекс Директ,Консультация,Олег,Екатеринбург,False
2026-06-12,ORD-10473,CUST-2859,10267,paid,Яндекс Директ,Консультация,Анна,Казань,False
2026-06-12,ORD-10474,CUST-2729,23235,paid,SEO,Монтаж,Олег,Казань,False
2026-06-12,ORD-10475,CUST-1957,23833,paid,Рекомендации,Сервис,Мария,Екатеринбург,False
2026-06-12,ORD-10476,CUST-2898,7954,paid,Яндекс Директ,Консультация,Игорь,Москва,False
2026-06-12,ORD-10477,CUST-3040,11085,paid,Рекомендации,Консультация,Олег,Москва,True
2026-06-12,ORD-10478,CUST-2606,8336,paid,SEO,Сервис,Олег,Москва,True
2026-06-12,ORD-10479,CUST-2057,10244,paid,SEO,Консультация,Игорь,Санкт-Петербург,False
2026-06-12,ORD-10480,CUST-2086,4343,paid,Яндекс Директ,Консультация,Игорь,Санкт-Петербург,False
2026-06-12,ORD-10481,CUST-3419,12771,paid,Яндекс Директ,Подписка,Анна,Санкт-Петербург,True
2026-06-12,ORD-10482,CUST-3528,18205,paid,Telegram,Сервис,Олег,Москва,False
2026-06-13,ORD-10483,CUST-3289,10287,paid,CRM,Консультация,Анна,Екатеринбург,True
2026-06-13,ORD-10484,CUST-1836,6326,paid,CRM,Доп. услуги,Анна,Москва,False
2026-06-13,ORD-10485,CUST-1238,51190,paid,Яндекс Директ,Монтаж,Олег,Казань,True
2026-06-13,ORD-10486,CUST-2159,15970,paid,SEO,Подписка,Мария,Санкт-Петербург,True
2026-06-13,ORD-10487,CUST-1238,42985,paid,CRM,Монтаж,Мария,Казань,True
2026-06-13,ORD-10488,CUST-1002,6367,paid,SEO,Консультация,Мария,Казань,False
2026-06-13,ORD-10489,CUST-2960,0,canceled,SEO,Консультация,Анна,Казань,False
2026-06-13,ORD-10490,CUST-2356,40187,paid,SEO,Монтаж,Анна,Санкт-Петербург,False
2026-06-13,ORD-10491,CUST-2942,8809,paid,SEO,Консультация,Игорь,Санкт-Петербург,False
2026-06-13,ORD-10492,CUST-1662,12443,paid,SEO,Подписка,Анна,Москва,True
2026-06-13,ORD-10493,CUST-1004,0,canceled,Яндекс Директ,Подписка,Мария,Москва,False
2026-06-13,ORD-10494,CUST-2524,8642,paid,Telegram,Сервис,Мария,Москва,False
2026-06-13,ORD-10495,CUST-3075,10297,paid,Яндекс Директ,Доп. услуги,Мария,Екатеринбург,True
2026-06-13,ORD-10496,CUST-1243,27925,paid,Яндекс Директ,Монтаж,Мария,Санкт-Петербург,False
2026-06-13,ORD-10497,CUST-1156,14429,paid,Яндекс Директ,Сервис,Анна,Екатеринбург,False
2026-06-13,ORD-10498,CUST-1881,35559,paid,Яндекс Директ,Монтаж,Мария,Санкт-Петербург,True
2026-06-13,ORD-10499,CUST-1533,7826,paid,CRM,Доп. услуги,Анна,Екатеринбург,True
2026-06-13,ORD-10500,CUST-3003,22516,paid,Рекомендации,Сервис,Мария,Екатеринбург,True
2026-06-13,ORD-10501,CUST-2722,3025,paid,Telegram,Консультация,Анна,Санкт-Петербург,True
2026-06-13,ORD-10502,CUST-3364,7639,paid,Telegram,Доп. услуги,Олег,Москва,False
2026-06-13,ORD-10503,CUST-3041,10655,paid,Рекомендации,Сервис,Игорь,Москва,False
2026-06-13,ORD-10504,CUST-1590,25499,paid,SEO,Монтаж,Олег,Санкт-Петербург,True
2026-06-13,ORD-10505,CUST-3520,13430,paid,SEO,Сервис,Мария,Казань,False
2026-06-13,ORD-10506,CUST-1565,6683,paid,SEO,Консультация,Мария,Екатеринбург,False
2026-06-13,ORD-10507,CUST-2500,33323,paid,CRM,Монтаж,Игорь,Санкт-Петербург,False
2026-06-13,ORD-10508,CUST-1479,13435,paid,CRM,Доп. услуги,Мария,Санкт-Петербург,True
2026-06-13,ORD-10509,CUST-1826,25393,paid,Telegram,Сервис,Олег,Санкт-Петербург,True
2026-06-13,ORD-10510,CUST-2248,0,canceled,Рекомендации,Подписка,Мария,Москва,False
2026-06-13,ORD-10511,CUST-3457,0,canceled,Яндекс Директ,Сервис,Мария,Санкт-Петербург,False
2026-06-13,ORD-10512,CUST-2122,0,canceled,Яндекс Директ,Консультация,Олег,Казань,True
2026-06-13,ORD-10513,CUST-2608,14094,paid,CRM,Доп. услуги,Игорь,Казань,True
2026-06-13,ORD-10514,CUST-1188,14045,paid,Яндекс Директ,Подписка,Игорь,Санкт-Петербург,False
2026-06-13,ORD-10515,CUST-2289,39442,paid,Рекомендации,Монтаж,Анна,Казань,False
2026-06-13,ORD-10516,CUST-2893,21831,paid,SEO,Сервис,Олег,Санкт-Петербург,False
2026-06-13,ORD-10517,CUST-2543,0,canceled,SEO,Консультация,Анна,Екатеринбург,False
2026-06-13,ORD-10518,CUST-2633,16065,paid,Яндекс Директ,Подписка,Олег,Екатеринбург,False
2026-06-14,ORD-10519,CUST-2949,18973,paid,Яндекс Директ,Сервис,Мария,Москва,False
2026-06-14,ORD-10520,CUST-2863,19493,paid,Яндекс Директ,Монтаж,Мария,Москва,False
2026-06-14,ORD-10521,CUST-2558,0,canceled,Яндекс Директ,Консультация,Олег,Москва,False
2026-06-14,ORD-10522,CUST-2304,9182,paid,CRM,Доп. услуги,Игорь,Казань,False
2026-06-14,ORD-10523,CUST-1463,39832,paid,SEO,Монтаж,Игорь,Москва,False
2026-06-14,ORD-10524,CUST-1582,14760,paid,CRM,Доп. услуги,Игорь,Санкт-Петербург,False
2026-06-14,ORD-10525,CUST-2045,10507,paid,Рекомендации,Сервис,Мария,Москва,True
2026-06-14,ORD-10526,CUST-1556,10313,paid,Яндекс Директ,Доп. услуги,Олег,Казань,False
2026-06-14,ORD-10527,CUST-3184,36825,paid,SEO,Монтаж,Анна,Казань,False
2026-06-14,ORD-10528,CUST-1719,16865,paid,CRM,Подписка,Игорь,Казань,True
2026-06-14,ORD-10529,CUST-2858,14478,paid,CRM,Сервис,Анна,Казань,False
2026-06-14,ORD-10530,CUST-1767,43082,paid,CRM,Монтаж,Олег,Москва,False
2026-06-14,ORD-10531,CUST-2285,16485,paid,Яндекс Директ,Подписка,Мария,Санкт-Петербург,False
2026-06-14,ORD-10532,CUST-2170,7634,paid,Яндекс Директ,Доп. услуги,Олег,Казань,False
2026-06-14,ORD-10533,CUST-1475,21557,paid,Яндекс Директ,Монтаж,Анна,Екатеринбург,False
2026-06-14,ORD-10534,CUST-1040,10793,paid,SEO,Консультация,Мария,Екатеринбург,False
2026-06-14,ORD-10535,CUST-1686,4791,paid,Яндекс Директ,Консультация,Мария,Екатеринбург,False
2026-06-14,ORD-10536,CUST-3547,13669,paid,Яндекс Директ,Доп. услуги,Анна,Санкт-Петербург,True
2026-06-14,ORD-10537,CUST-2186,10328,paid,Яндекс Директ,Доп. услуги,Мария,Казань,True
2026-06-14,ORD-10538,CUST-1819,0,canceled,Telegram,Подписка,Мария,Санкт-Петербург,True
2026-06-14,ORD-10539,CUST-2919,18494,paid,Telegram,Подписка,Игорь,Казань,False
2026-06-14,ORD-10540,CUST-1471,19387,paid,Яндекс Директ,Сервис,Анна,Москва,False
2026-06-14,ORD-10541,CUST-2048,15622,paid,CRM,Доп. услуги,Игорь,Москва,False
2026-06-14,ORD-10542,CUST-1337,17118,paid,CRM,Доп. услуги,Мария,Казань,True
2026-06-14,ORD-10543,CUST-2511,0,canceled,Рекомендации,Подписка,Олег,Екатеринбург,True
2026-06-14,ORD-10544,CUST-3110,19689,paid,Яндекс Директ,Подписка,Олег,Казань,True
2026-06-14,ORD-10545,CUST-1392,11855,paid,Яндекс Директ,Подписка,Мария,Екатеринбург,True
2026-06-14,ORD-10546,CUST-3574,36555,paid,SEO,Монтаж,Анна,Казань,False
2026-06-14,ORD-10547,CUST-3350,6949,paid,SEO,Консультация,Игорь,Екатеринбург,False
2026-06-14,ORD-10548,CUST-2407,16109,paid,Яндекс Директ,Доп. услуги,Анна,Москва,False
2026-06-14,ORD-10549,CUST-1384,25740,paid,CRM,Сервис,Анна,Казань,False
2026-06-14,ORD-10550,CUST-2815,35664,paid,SEO,Монтаж,Олег,Казань,False
2026-06-14,ORD-10551,CUST-1548,4667,paid,Яндекс Директ,Консультация,Мария,Санкт-Петербург,False
2026-06-14,ORD-10552,CUST-2745,22666,paid,Telegram,Монтаж,Игорь,Москва,True
2026-06-14,ORD-10553,CUST-2296,18478,paid,Яндекс Директ,Сервис,Игорь,Санкт-Петербург,False
2026-06-14,ORD-10554,CUST-3462,0,canceled,CRM,Монтаж,Мария,Санкт-Петербург,False
2026-06-15,ORD-10555,CUST-2563,23854,paid,SEO,Сервис,Мария,Санкт-Петербург,False
2026-06-15,ORD-10556,CUST-3584,42307,paid,Яндекс Директ,Монтаж,Анна,Екатеринбург,False
2026-06-15,ORD-10557,CUST-2297,5535,paid,SEO,Консультация,Олег,Санкт-Петербург,False
2026-06-15,ORD-10558,CUST-1928,8460,paid,Яндекс Директ,Сервис,Игорь,Москва,False
2026-06-15,ORD-10559,CUST-1341,8760,paid,SEO,Доп. услуги,Игорь,Казань,True
2026-06-15,ORD-10560,CUST-2935,11873,paid,Яндекс Директ,Доп. услуги,Анна,Москва,True
2026-06-15,ORD-10561,CUST-2380,0,canceled,Telegram,Подписка,Олег,Казань,True
2026-06-15,ORD-10562,CUST-2385,20139,paid,Яндекс Директ,Монтаж,Мария,Екатеринбург,True
2026-06-15,ORD-10563,CUST-3239,37144,paid,SEO,Монтаж,Олег,Екатеринбург,False
2026-06-15,ORD-10564,CUST-3255,15948,paid,Яндекс Директ,Сервис,Игорь,Екатеринбург,False
2026-06-15,ORD-10565,CUST-1980,13813,paid,SEO,Подписка,Мария,Москва,True
2026-06-15,ORD-10566,CUST-1167,3611,paid,CRM,Консультация,Олег,Санкт-Петербург,True
2026-06-15,ORD-10567,CUST-3368,17390,paid,Яндекс Директ,Доп. услуги,Анна,Санкт-Петербург,False
2026-06-15,ORD-10568,CUST-3183,13969,paid,CRM,Сервис,Игорь,Екатеринбург,False
2026-06-15,ORD-10569,CUST-3065,20410,paid,Рекомендации,Подписка,Мария,Москва,False
2026-06-15,ORD-10570,CUST-2046,37068,paid,SEO,Монтаж,Игорь,Москва,False
2026-06-15,ORD-10571,CUST-2814,22662,paid,Рекомендации,Монтаж,Игорь,Екатеринбург,False
2026-06-15,ORD-10572,CUST-1475,0,canceled,CRM,Монтаж,Олег,Екатеринбург,True
2026-06-15,ORD-10573,CUST-2650,15401,paid,Яндекс Директ,Сервис,Игорь,Екатеринбург,True
2026-06-15,ORD-10574,CUST-3485,24524,paid,CRM,Сервис,Анна,Москва,False
2026-06-15,ORD-10575,CUST-2771,25782,paid,CRM,Сервис,Игорь,Казань,True
2026-06-15,ORD-10576,CUST-1021,0,canceled,CRM,Подписка,Игорь,Казань,True
2026-06-15,ORD-10577,CUST-2258,23772,paid,Telegram,Подписка,Анна,Москва,True
2026-06-15,ORD-10578,CUST-3092,0,canceled,Telegram,Доп. услуги,Анна,Санкт-Петербург,False
2026-06-15,ORD-10579,CUST-3108,6815,paid,Рекомендации,Консультация,Игорь,Санкт-Петербург,False
2026-06-15,ORD-10580,CUST-2017,46844,paid,SEO,Монтаж,Олег,Казань,False
2026-06-15,ORD-10581,CUST-3243,17120,paid,Telegram,Подписка,Олег,Санкт-Петербург,True
2026-06-15,ORD-10582,CUST-2478,7190,paid,Рекомендации,Консультация,Анна,Москва,True
2026-06-15,ORD-10583,CUST-1692,20799,paid,CRM,Подписка,Анна,Казань,False
2026-06-15,ORD-10584,CUST-2519,22752,paid,SEO,Подписка,Игорь,Санкт-Петербург,True
2026-06-15,ORD-10585,CUST-3156,20985,paid,SEO,Монтаж,Анна,Екатеринбург,False
2026-06-15,ORD-10586,CUST-2995,24514,paid,CRM,Сервис,Анна,Казань,False
2026-06-15,ORD-10587,CUST-2784,46902,paid,SEO,Монтаж,Игорь,Москва,False
2026-06-15,ORD-10588,CUST-1672,21311,paid,SEO,Подписка,Анна,Екатеринбург,False
2026-06-15,ORD-10589,CUST-1529,16802,paid,SEO,Подписка,Олег,Екатеринбург,False
2026-06-16,ORD-10590,CUST-3182,43836,paid,SEO,Монтаж,Анна,Москва,False
2026-06-16,ORD-10591,CUST-1673,7818,paid,Telegram,Сервис,Олег,Екатеринбург,True
2026-06-16,ORD-10592,CUST-1564,0,canceled,Яндекс Директ,Доп. услуги,Анна,Екатеринбург,True
2026-06-16,ORD-10593,CUST-2318,10880,paid,Рекомендации,Консультация,Олег,Санкт-Петербург,True
2026-06-16,ORD-10594,CUST-1584,25653,paid,SEO,Монтаж,Игорь,Екатеринбург,False
2026-06-16,ORD-10595,CUST-1361,25314,paid,CRM,Сервис,Анна,Москва,False
2026-06-16,ORD-10596,CUST-2791,12509,paid,Яндекс Директ,Подписка,Анна,Казань,True
2026-06-16,ORD-10597,CUST-2491,13877,paid,Telegram,Сервис,Анна,Казань,True
2026-06-16,ORD-10598,CUST-2911,6810,paid,Яндекс Директ,Доп. услуги,Олег,Казань,False
2026-06-16,ORD-10599,CUST-2767,8428,paid,Яндекс Директ,Консультация,Анна,Казань,True
2026-06-16,ORD-10600,CUST-2547,19231,paid,Telegram,Сервис,Анна,Казань,True
2026-06-16,ORD-10601,CUST-2296,20424,paid,Рекомендации,Монтаж,Игорь,Казань,False
2026-06-16,ORD-10602,CUST-3047,0,canceled,SEO,Консультация,Анна,Санкт-Петербург,False
2026-06-16,ORD-10603,CUST-2231,37679,paid,CRM,Монтаж,Игорь,Казань,True
2026-06-16,ORD-10604,CUST-1263,5642,paid,Telegram,Консультация,Олег,Санкт-Петербург,False
2026-06-16,ORD-10605,CUST-2300,7464,paid,Яндекс Директ,Сервис,Олег,Москва,False
2026-06-16,ORD-10606,CUST-2991,16129,paid,CRM,Подписка,Мария,Казань,True
2026-06-16,ORD-10607,CUST-3508,12646,paid,SEO,Подписка,Игорь,Санкт-Петербург,False
2026-06-16,ORD-10608,CUST-1021,21757,paid,Яндекс Директ,Монтаж,Анна,Санкт-Петербург,False
2026-06-16,ORD-10609,CUST-1044,0,canceled,Telegram,Консультация,Игорь,Санкт-Петербург,True
2026-06-16,ORD-10610,CUST-1352,10405,paid,Яндекс Директ,Сервис,Игорь,Казань,False
2026-06-16,ORD-10611,CUST-1438,13515,paid,Яндекс Директ,Сервис,Мария,Санкт-Петербург,True
2026-06-16,ORD-10612,CUST-3268,11426,paid,Яндекс Директ,Сервис,Игорь,Казань,True
2026-06-16,ORD-10613,CUST-2659,0,canceled,CRM,Консультация,Игорь,Екатеринбург,True
2026-06-16,ORD-10614,CUST-2190,18584,paid,Яндекс Директ,Сервис,Мария,Москва,True
2026-06-16,ORD-10615,CUST-3293,0,canceled,Рекомендации,Монтаж,Мария,Санкт-Петербург,False
2026-06-16,ORD-10616,CUST-3135,21330,paid,Telegram,Подписка,Олег,Екатеринбург,True
2026-06-16,ORD-10617,CUST-1244,6761,paid,Рекомендации,Консультация,Анна,Казань,False
2026-06-16,ORD-10618,CUST-1508,35405,paid,Telegram,Монтаж,Анна,Екатеринбург,False
2026-06-16,ORD-10619,CUST-1480,36609,paid,SEO,Монтаж,Мария,Москва,False
2026-06-16,ORD-10620,CUST-1185,12685,paid,Рекомендации,Подписка,Мария,Санкт-Петербург,False
2026-06-16,ORD-10621,CUST-2995,7750,paid,Рекомендации,Консультация,Мария,Екатеринбург,False
2026-06-16,ORD-10622,CUST-1796,21238,paid,Telegram,Сервис,Мария,Казань,False
2026-06-16,ORD-10623,CUST-3235,8485,paid,SEO,Консультация,Олег,Москва,False
2026-06-16,ORD-10624,CUST-3009,49283,paid,Яндекс Директ,Монтаж,Мария,Екатеринбург,False
2026-06-16,ORD-10625,CUST-2560,25046,paid,Telegram,Сервис,Игорь,Казань,False
2026-06-16,ORD-10626,CUST-2472,24456,paid,Яндекс Директ,Монтаж,Игорь,Москва,False
2026-06-16,ORD-10627,CUST-1339,12780,paid,CRM,Подписка,Олег,Казань,False
2026-06-16,ORD-10628,CUST-1456,12316,paid,SEO,Подписка,Олег,Екатеринбург,False
2026-06-16,ORD-10629,CUST-3504,18590,paid,Яндекс Директ,Подписка,Анна,Санкт-Петербург,False
2026-06-16,ORD-10630,CUST-2794,28098,paid,Рекомендации,Монтаж,Мария,Казань,True
2026-06-16,ORD-10631,CUST-3505,13995,paid,Яндекс Директ,Доп. услуги,Мария,Казань,False
2026-06-16,ORD-10632,CUST-2004,12771,paid,Яндекс Директ,Сервис,Анна,Санкт-Петербург,False
2026-06-16,ORD-10633,CUST-1025,5752,paid,Яндекс Директ,Доп. услуги,Олег,Москва,False
2026-06-16,ORD-10634,CUST-1893,17733,paid,Яндекс Директ,Подписка,Игорь,Екатеринбург,False
2026-06-16,ORD-10635,CUST-2074,5439,paid,SEO,Доп. услуги,Мария,Москва,False
2026-06-16,ORD-10636,CUST-1714,3725,paid,Яндекс Директ,Консультация,Мария,Екатеринбург,False
2026-06-16,ORD-10637,CUST-2373,45283,paid,SEO,Монтаж,Мария,Казань,False
2026-06-16,ORD-10638,CUST-1355,3986,paid,Яндекс Директ,Консультация,Мария,Екатеринбург,True
2026-06-16,ORD-10639,CUST-1712,24282,paid,SEO,Монтаж,Олег,Казань,False
2026-06-16,ORD-10640,CUST-2648,22433,paid,Яндекс Директ,Подписка,Анна,Москва,True
2026-06-16,ORD-10641,CUST-1645,26502,paid,Яндекс Директ,Монтаж,Анна,Москва,False
2026-06-16,ORD-10642,CUST-3036,6352,paid,CRM,Консультация,Анна,Санкт-Петербург,False
2026-06-16,ORD-10643,CUST-2386,26203,paid,SEO,Монтаж,Олег,Екатеринбург,True
2026-06-16,ORD-10644,CUST-2091,6182,paid,SEO,Консультация,Олег,Екатеринбург,False
2026-06-16,ORD-10645,CUST-3368,25006,paid,Яндекс Директ,Монтаж,Игорь,Казань,False
2026-06-16,ORD-10646,CUST-2261,51949,paid,Telegram,Монтаж,Олег,Санкт-Петербург,False
2026-06-16,ORD-10647,CUST-2819,16923,paid,Telegram,Доп. услуги,Олег,Санкт-Петербург,True
2026-06-16,ORD-10648,CUST-1872,0,canceled,CRM,Сервис,Олег,Москва,True
2026-06-17,ORD-10649,CUST-1666,6727,paid,CRM,Консультация,Мария,Казань,True
2026-06-17,ORD-10650,CUST-1016,9520,paid,Telegram,Доп. услуги,Олег,Казань,False
2026-06-17,ORD-10651,CUST-2923,13240,paid,Рекомендации,Сервис,Анна,Екатеринбург,False
2026-06-17,ORD-10652,CUST-2890,14224,paid,SEO,Сервис,Анна,Казань,True
2026-06-17,ORD-10653,CUST-2002,5807,paid,Рекомендации,Консультация,Игорь,Казань,False
2026-06-17,ORD-10654,CUST-1122,5882,paid,SEO,Консультация,Олег,Москва,True
2026-06-17,ORD-10655,CUST-3432,6818,paid,SEO,Консультация,Мария,Санкт-Петербург,True
2026-06-17,ORD-10656,CUST-2056,4394,paid,Яндекс Директ,Консультация,Олег,Екатеринбург,False
2026-06-17,ORD-10657,CUST-1496,12222,paid,Яндекс Директ,Сервис,Олег,Москва,False
2026-06-17,ORD-10658,CUST-2567,49739,paid,CRM,Монтаж,Олег,Москва,True
2026-06-17,ORD-10659,CUST-3074,21768,paid,SEO,Монтаж,Анна,Казань,False
2026-06-17,ORD-10660,CUST-3408,9783,paid,Яндекс Директ,Подписка,Анна,Казань,False
2026-06-17,ORD-10661,CUST-2921,50221,paid,Рекомендации,Монтаж,Мария,Москва,False
2026-06-17,ORD-10662,CUST-2504,14968,paid,Яндекс Директ,Подписка,Олег,Москва,False
2026-06-17,ORD-10663,CUST-3006,0,canceled,Рекомендации,Сервис,Игорь,Казань,False
2026-06-17,ORD-10664,CUST-2599,5084,paid,SEO,Доп. услуги,Анна,Екатеринбург,True
2026-06-17,ORD-10665,CUST-3227,38623,paid,Telegram,Монтаж,Олег,Москва,False
2026-06-17,ORD-10666,CUST-1849,12601,paid,Яндекс Директ,Сервис,Олег,Казань,False
2026-06-17,ORD-10667,CUST-1184,8876,paid,Telegram,Консультация,Игорь,Москва,False
2026-06-17,ORD-10668,CUST-2032,6434,paid,Яндекс Директ,Консультация,Игорь,Екатеринбург,True
2026-06-17,ORD-10669,CUST-1077,4172,paid,Рекомендации,Доп. услуги,Олег,Санкт-Петербург,True
2026-06-17,ORD-10670,CUST-2428,47042,paid,SEO,Монтаж,Анна,Москва,True
2026-06-17,ORD-10671,CUST-1820,18021,paid,SEO,Сервис,Анна,Екатеринбург,False
2026-06-17,ORD-10672,CUST-1512,17974,paid,Яндекс Директ,Доп. услуги,Анна,Казань,False
2026-06-17,ORD-10673,CUST-1687,17649,paid,Яндекс Директ,Сервис,Мария,Казань,False
2026-06-17,ORD-10674,CUST-1342,18517,paid,SEO,Монтаж,Олег,Екатеринбург,False
2026-06-17,ORD-10675,CUST-1644,14192,paid,Telegram,Доп. услуги,Олег,Екатеринбург,True
2026-06-17,ORD-10676,CUST-3557,48477,paid,CRM,Монтаж,Игорь,Казань,False
2026-06-17,ORD-10677,CUST-3553,0,canceled,CRM,Монтаж,Игорь,Санкт-Петербург,False
2026-06-17,ORD-10678,CUST-2491,19238,paid,CRM,Подписка,Анна,Казань,False
2026-06-17,ORD-10679,CUST-3465,37554,paid,Telegram,Монтаж,Анна,Казань,False
2026-06-17,ORD-10680,CUST-2515,48307,paid,Telegram,Монтаж,Мария,Екатеринбург,False
2026-06-17,ORD-10681,CUST-1543,45852,paid,Яндекс Директ,Монтаж,Олег,Москва,True
2026-06-17,ORD-10682,CUST-2393,10927,paid,SEO,Консультация,Игорь,Казань,False
2026-06-17,ORD-10683,CUST-3354,15644,paid,Яндекс Директ,Подписка,Игорь,Москва,True
2026-06-17,ORD-10684,CUST-2124,0,canceled,Telegram,Подписка,Олег,Екатеринбург,False
2026-06-17,ORD-10685,CUST-1290,10056,paid,SEO,Консультация,Анна,Казань,False
2026-06-17,ORD-10686,CUST-2086,5858,paid,SEO,Консультация,Анна,Казань,True
2026-06-17,ORD-10687,CUST-1042,0,canceled,CRM,Доп. услуги,Игорь,Казань,False
2026-06-17,ORD-10688,CUST-2458,50491,paid,SEO,Монтаж,Анна,Казань,False
2026-06-17,ORD-10689,CUST-1272,28824,paid,Яндекс Директ,Монтаж,Олег,Москва,False
2026-06-17,ORD-10690,CUST-2433,40339,paid,Яндекс Директ,Монтаж,Мария,Санкт-Петербург,False
2026-06-17,ORD-10691,CUST-3130,0,canceled,Яндекс Директ,Монтаж,Олег,Казань,False
2026-06-17,ORD-10692,CUST-3460,10988,paid,Яндекс Директ,Консультация,Анна,Казань,False
2026-06-17,ORD-10693,CUST-2110,17788,paid,Рекомендации,Подписка,Олег,Екатеринбург,False
2026-06-17,ORD-10694,CUST-1047,5798,paid,Telegram,Консультация,Мария,Казань,False
2026-06-17,ORD-10695,CUST-1092,15730,paid,Telegram,Доп. услуги,Анна,Екатеринбург,False
2026-06-17,ORD-10696,CUST-1952,8739,paid,Яндекс Директ,Сервис,Олег,Екатеринбург,True
2026-06-17,ORD-10697,CUST-2354,3396,paid,CRM,Консультация,Мария,Москва,False
2026-06-17,ORD-10698,CUST-1138,47396,paid,SEO,Монтаж,Анна,Екатеринбург,True
2026-06-18,ORD-10699,CUST-1852,0,canceled,Яндекс Директ,Сервис,Олег,Казань,True
2026-06-18,ORD-10700,CUST-2333,17058,paid,CRM,Подписка,Игорь,Екатеринбург,False
2026-06-18,ORD-10701,CUST-3123,9285,paid,CRM,Консультация,Олег,Екатеринбург,False
2026-06-18,ORD-10702,CUST-1517,10849,paid,CRM,Консультация,Мария,Екатеринбург,False
2026-06-18,ORD-10703,CUST-2018,7170,paid,SEO,Консультация,Анна,Санкт-Петербург,False
2026-06-18,ORD-10704,CUST-1304,21872,paid,Telegram,Подписка,Игорь,Москва,False
2026-06-18,ORD-10705,CUST-1759,10592,paid,SEO,Консультация,Мария,Санкт-Петербург,False
2026-06-18,ORD-10706,CUST-3081,7775,paid,Яндекс Директ,Сервис,Олег,Санкт-Петербург,False
2026-06-18,ORD-10707,CUST-1314,0,canceled,Яндекс Директ,Монтаж,Анна,Москва,True
2026-06-18,ORD-10708,CUST-3186,10323,paid,SEO,Консультация,Игорь,Санкт-Петербург,True
2026-06-18,ORD-10709,CUST-3503,7653,paid,Яндекс Директ,Консультация,Анна,Санкт-Петербург,False
2026-06-18,ORD-10710,CUST-3237,14182,paid,SEO,Сервис,Олег,Москва,False
2026-06-18,ORD-10711,CUST-2946,7425,paid,Telegram,Сервис,Мария,Санкт-Петербург,False
2026-06-18,ORD-10712,CUST-1538,43821,paid,Яндекс Директ,Монтаж,Анна,Москва,False
2026-06-18,ORD-10713,CUST-1923,5698,paid,Яндекс Директ,Консультация,Олег,Казань,False
2026-06-18,ORD-10714,CUST-2001,5142,paid,SEO,Консультация,Мария,Санкт-Петербург,False
2026-06-18,ORD-10715,CUST-2192,0,canceled,Яндекс Директ,Сервис,Игорь,Москва,True
2026-06-18,ORD-10716,CUST-1200,11665,paid,SEO,Подписка,Олег,Санкт-Петербург,False
2026-06-18,ORD-10717,CUST-2509,7004,paid,Telegram,Консультация,Олег,Екатеринбург,True
2026-06-18,ORD-10718,CUST-2219,24882,paid,CRM,Сервис,Мария,Москва,True
2026-06-18,ORD-10719,CUST-1132,17934,paid,Яндекс Директ,Подписка,Мария,Москва,True
2026-06-18,ORD-10720,CUST-2933,35205,paid,Яндекс Директ,Монтаж,Мария,Санкт-Петербург,False
2026-06-18,ORD-10721,CUST-2011,23173,paid,Telegram,Сервис,Олег,Казань,False
2026-06-18,ORD-10722,CUST-2946,8108,paid,Яндекс Директ,Доп. услуги,Анна,Москва,True
2026-06-18,ORD-10723,CUST-2134,9778,paid,Яндекс Директ,Консультация,Игорь,Екатеринбург,False
2026-06-18,ORD-10724,CUST-1361,0,canceled,CRM,Сервис,Мария,Казань,False
2026-06-18,ORD-10725,CUST-1191,0,canceled,Яндекс Директ,Сервис,Анна,Казань,False
2026-06-18,ORD-10726,CUST-3527,21726,paid,Telegram,Сервис,Игорь,Казань,True
2026-06-18,ORD-10727,CUST-2637,21026,paid,Яндекс Директ,Подписка,Олег,Москва,True
2026-06-18,ORD-10728,CUST-1886,34425,paid,SEO,Монтаж,Олег,Москва,False
2026-06-18,ORD-10729,CUST-2348,21703,paid,SEO,Монтаж,Игорь,Санкт-Петербург,False
2026-06-18,ORD-10730,CUST-2219,48210,paid,Рекомендации,Монтаж,Игорь,Москва,False
2026-06-18,ORD-10731,CUST-3484,13071,paid,SEO,Доп. услуги,Игорь,Екатеринбург,False
2026-06-18,ORD-10732,CUST-1439,11300,paid,Рекомендации,Консультация,Олег,Казань,False
2026-06-18,ORD-10733,CUST-3138,0,canceled,Яндекс Директ,Сервис,Олег,Казань,True
2026-06-18,ORD-10734,CUST-1588,0,canceled,CRM,Подписка,Мария,Москва,True
2026-06-18,ORD-10735,CUST-1794,11161,paid,Telegram,Консультация,Мария,Казань,False
2026-06-18,ORD-10736,CUST-1329,7523,paid,CRM,Консультация,Игорь,Екатеринбург,True
2026-06-18,ORD-10737,CUST-2103,18647,paid,Рекомендации,Сервис,Анна,Москва,True
2026-06-18,ORD-10738,CUST-2839,38180,paid,Рекомендации,Монтаж,Олег,Казань,False
2026-06-18,ORD-10739,CUST-1444,23615,paid,CRM,Подписка,Олег,Москва,False
2026-06-18,ORD-10740,CUST-1452,20269,paid,SEO,Монтаж,Анна,Казань,False
2026-06-18,ORD-10741,CUST-3344,10612,paid,Яндекс Директ,Подписка,Анна,Москва,False
2026-06-18,ORD-10742,CUST-1183,5875,paid,SEO,Консультация,Мария,Москва,False
2026-06-18,ORD-10743,CUST-1411,29022,paid,SEO,Монтаж,Игорь,Казань,True
2026-06-18,ORD-10744,CUST-2756,9448,paid,CRM,Сервис,Олег,Санкт-Петербург,False
2026-06-18,ORD-10745,CUST-1154,39700,paid,Яндекс Директ,Монтаж,Олег,Казань,False
2026-06-18,ORD-10746,CUST-1756,8890,paid,CRM,Сервис,Игорь,Москва,False
2026-06-18,ORD-10747,CUST-1358,11306,paid,SEO,Консультация,Анна,Санкт-Петербург,False
2026-06-18,ORD-10748,CUST-3333,0,canceled,Яндекс Директ,Подписка,Олег,Казань,False
2026-06-18,ORD-10749,CUST-2769,0,canceled,SEO,Консультация,Игорь,Казань,False
2026-06-18,ORD-10750,CUST-1226,4051,paid,SEO,Консультация,Олег,Казань,False
2026-06-18,ORD-10751,CUST-2301,10818,paid,Telegram,Подписка,Анна,Москва,False
2026-06-18,ORD-10752,CUST-1683,20969,paid,CRM,Сервис,Олег,Санкт-Петербург,False
2026-06-18,ORD-10753,CUST-2397,35651,paid,Яндекс Директ,Монтаж,Игорь,Москва,True
2026-06-18,ORD-10754,CUST-2691,21953,paid,CRM,Подписка,Анна,Екатеринбург,True
2026-06-18,ORD-10755,CUST-2550,11393,paid,Яндекс Директ,Подписка,Игорь,Москва,False
2026-06-18,ORD-10756,CUST-3167,9406,paid,Рекомендации,Сервис,Игорь,Санкт-Петербург,False
2026-06-18,ORD-10757,CUST-3001,8580,paid,CRM,Консультация,Мария,Екатеринбург,False
2026-06-19,ORD-10758,CUST-1828,3633,paid,CRM,Консультация,Игорь,Екатеринбург,False
2026-06-19,ORD-10759,CUST-3267,10711,paid,Яндекс Директ,Подписка,Анна,Екатеринбург,False
2026-06-19,ORD-10760,CUST-1926,42766,paid,Рекомендации,Монтаж,Мария,Екатеринбург,False
2026-06-19,ORD-10761,CUST-3508,26445,paid,SEO,Монтаж,Анна,Санкт-Петербург,True
2026-06-19,ORD-10762,CUST-2554,22412,paid,SEO,Сервис,Олег,Москва,False
2026-06-19,ORD-10763,CUST-1757,33264,paid,SEO,Монтаж,Игорь,Москва,True
2026-06-19,ORD-10764,CUST-2805,20701,paid,Яндекс Директ,Сервис,Олег,Санкт-Петербург,True
2026-06-19,ORD-10765,CUST-1627,12791,paid,SEO,Доп. услуги,Анна,Санкт-Петербург,False
2026-06-19,ORD-10766,CUST-3057,0,canceled,CRM,Подписка,Мария,Казань,True
2026-06-19,ORD-10767,CUST-1449,3674,paid,Яндекс Директ,Консультация,Олег,Москва,True
2026-06-19,ORD-10768,CUST-3288,7020,paid,Рекомендации,Консультация,Мария,Казань,False
2026-06-19,ORD-10769,CUST-3585,13360,paid,CRM,Доп. услуги,Мария,Санкт-Петербург,True
2026-06-19,ORD-10770,CUST-1358,8074,paid,Яндекс Директ,Консультация,Анна,Екатеринбург,False
2026-06-19,ORD-10771,CUST-1231,15805,paid,SEO,Подписка,Игорь,Москва,False
2026-06-19,ORD-10772,CUST-3450,18999,paid,Telegram,Сервис,Мария,Санкт-Петербург,True
2026-06-19,ORD-10773,CUST-3071,10958,paid,Яндекс Директ,Консультация,Игорь,Москва,False
2026-06-19,ORD-10774,CUST-1918,7774,paid,CRM,Консультация,Олег,Казань,False
2026-06-19,ORD-10775,CUST-1682,36242,paid,Яндекс Директ,Монтаж,Анна,Екатеринбург,True
2026-06-19,ORD-10776,CUST-3151,8982,paid,CRM,Консультация,Анна,Екатеринбург,False
2026-06-19,ORD-10777,CUST-1138,47634,paid,Яндекс Директ,Монтаж,Игорь,Екатеринбург,False
2026-06-19,ORD-10778,CUST-1306,17696,paid,SEO,Сервис,Олег,Москва,False
2026-06-19,ORD-10779,CUST-3046,18531,paid,SEO,Монтаж,Олег,Казань,True
2026-06-19,ORD-10780,CUST-2418,23233,paid,SEO,Сервис,Олег,Санкт-Петербург,False
2026-06-19,ORD-10781,CUST-1983,7249,paid,CRM,Доп. услуги,Олег,Екатеринбург,False
2026-06-19,ORD-10782,CUST-2206,3853,paid,Telegram,Консультация,Анна,Москва,False
2026-06-19,ORD-10783,CUST-1172,8865,paid,SEO,Консультация,Анна,Екатеринбург,True
2026-06-19,ORD-10784,CUST-1945,29812,paid,Яндекс Директ,Монтаж,Мария,Москва,False
2026-06-19,ORD-10785,CUST-1661,9929,paid,Яндекс Директ,Консультация,Олег,Санкт-Петербург,True
2026-06-19,ORD-10786,CUST-3224,4160,paid,SEO,Консультация,Мария,Казань,True
2026-06-19,ORD-10787,CUST-1521,0,canceled,SEO,Консультация,Олег,Санкт-Петербург,True
2026-06-19,ORD-10788,CUST-2342,3638,paid,CRM,Консультация,Игорь,Казань,True
2026-06-19,ORD-10789,CUST-1195,36320,paid,CRM,Монтаж,Анна,Казань,False
2026-06-19,ORD-10790,CUST-1078,45728,paid,Telegram,Монтаж,Игорь,Казань,False
2026-06-19,ORD-10791,CUST-1037,28272,paid,CRM,Монтаж,Игорь,Екатеринбург,False
2026-06-19,ORD-10792,CUST-2578,19277,paid,Яндекс Директ,Подписка,Олег,Москва,False
2026-06-19,ORD-10793,CUST-1852,9950,paid,SEO,Консультация,Олег,Екатеринбург,False
2026-06-19,ORD-10794,CUST-1088,10794,paid,Telegram,Консультация,Мария,Москва,False
2026-06-19,ORD-10795,CUST-2149,16537,paid,SEO,Сервис,Мария,Москва,False
2026-06-19,ORD-10796,CUST-2679,18230,paid,SEO,Подписка,Игорь,Казань,False
2026-06-19,ORD-10797,CUST-1438,26865,paid,Яндекс Директ,Монтаж,Олег,Екатеринбург,True
2026-06-20,ORD-10798,CUST-1033,28063,paid,SEO,Монтаж,Анна,Казань,False
2026-06-20,ORD-10799,CUST-2529,8563,paid,CRM,Сервис,Мария,Москва,False
2026-06-20,ORD-10800,CUST-3543,11993,paid,Telegram,Подписка,Игорь,Казань,False
2026-06-20,ORD-10801,CUST-1336,51061,paid,SEO,Монтаж,Олег,Москва,False
2026-06-20,ORD-10802,CUST-3316,31219,paid,Яндекс Директ,Монтаж,Анна,Санкт-Петербург,False
2026-06-20,ORD-10803,CUST-2254,29092,paid,SEO,Монтаж,Олег,Казань,True
2026-06-20,ORD-10804,CUST-3020,34141,paid,CRM,Монтаж,Мария,Казань,False
2026-06-20,ORD-10805,CUST-2718,8030,paid,SEO,Консультация,Мария,Казань,True
2026-06-20,ORD-10806,CUST-3107,4024,paid,CRM,Доп. услуги,Мария,Екатеринбург,False
2026-06-20,ORD-10807,CUST-1888,31708,paid,Яндекс Директ,Монтаж,Анна,Казань,False
2026-06-20,ORD-10808,CUST-1940,3853,paid,Telegram,Консультация,Игорь,Санкт-Петербург,True
2026-06-20,ORD-10809,CUST-1978,19414,paid,SEO,Монтаж,Мария,Казань,True
2026-06-20,ORD-10810,CUST-1665,10430,paid,SEO,Консультация,Игорь,Санкт-Петербург,True
2026-06-20,ORD-10811,CUST-2204,0,canceled,Telegram,Доп. услуги,Мария,Казань,True
2026-06-20,ORD-10812,CUST-2533,15907,paid,Рекомендации,Доп. услуги,Олег,Екатеринбург,False
2026-06-20,ORD-10813,CUST-3058,16216,paid,Яндекс Директ,Подписка,Мария,Санкт-Петербург,False
2026-06-20,ORD-10814,CUST-1457,20224,paid,SEO,Сервис,Олег,Екатеринбург,False
2026-06-20,ORD-10815,CUST-1722,33471,paid,Яндекс Директ,Монтаж,Анна,Казань,True
2026-06-20,ORD-10816,CUST-3126,22634,paid,Яндекс Директ,Монтаж,Мария,Екатеринбург,False
2026-06-20,ORD-10817,CUST-1485,44418,paid,Telegram,Монтаж,Олег,Казань,True
2026-06-20,ORD-10818,CUST-3413,9971,paid,CRM,Доп. услуги,Олег,Екатеринбург,False
2026-06-20,ORD-10819,CUST-2108,0,canceled,Яндекс Директ,Монтаж,Олег,Казань,False
2026-06-20,ORD-10820,CUST-2116,21857,paid,Яндекс Директ,Монтаж,Мария,Москва,False
2026-06-20,ORD-10821,CUST-1959,4573,paid,Яндекс Директ,Консультация,Мария,Екатеринбург,False
2026-06-20,ORD-10822,CUST-2388,33282,paid,Яндекс Директ,Монтаж,Мария,Екатеринбург,False
2026-06-20,ORD-10823,CUST-1581,24403,paid,Яндекс Директ,Сервис,Олег,Казань,True
2026-06-20,ORD-10824,CUST-2412,18393,paid,Яндекс Директ,Подписка,Мария,Санкт-Петербург,False
2026-06-20,ORD-10825,CUST-2791,7298,paid,SEO,Консультация,Анна,Санкт-Петербург,False
2026-06-20,ORD-10826,CUST-1043,10613,paid,Рекомендации,Консультация,Олег,Екатеринбург,False
2026-06-20,ORD-10827,CUST-2175,25923,paid,Яндекс Директ,Монтаж,Мария,Москва,False
2026-06-20,ORD-10828,CUST-3247,22330,paid,SEO,Сервис,Игорь,Санкт-Петербург,True
2026-06-20,ORD-10829,CUST-2918,12265,paid,Telegram,Сервис,Мария,Казань,False
2026-06-20,ORD-10830,CUST-3030,19950,paid,Telegram,Сервис,Игорь,Екатеринбург,False
2026-06-20,ORD-10831,CUST-1771,49555,paid,Яндекс Директ,Монтаж,Игорь,Казань,True
2026-06-20,ORD-10832,CUST-3100,0,canceled,Яндекс Директ,Консультация,Игорь,Казань,False
2026-06-20,ORD-10833,CUST-1549,0,canceled,SEO,Монтаж,Игорь,Санкт-Петербург,False
2026-06-20,ORD-10834,CUST-1264,0,canceled,CRM,Сервис,Анна,Казань,True
2026-06-20,ORD-10835,CUST-1450,0,canceled,Яндекс Директ,Сервис,Олег,Екатеринбург,True
2026-06-20,ORD-10836,CUST-1746,12490,paid,Яндекс Директ,Сервис,Игорь,Санкт-Петербург,False
2026-06-20,ORD-10837,CUST-3150,4648,paid,SEO,Консультация,Игорь,Санкт-Петербург,False
2026-06-20,ORD-10838,CUST-3239,48567,paid,Telegram,Монтаж,Игорь,Санкт-Петербург,True
2026-06-20,ORD-10839,CUST-3188,10882,paid,SEO,Сервис,Олег,Екатеринбург,False
2026-06-20,ORD-10840,CUST-1329,13032,paid,Яндекс Директ,Сервис,Олег,Казань,True
2026-06-20,ORD-10841,CUST-2557,0,canceled,Яндекс Директ,Доп. услуги,Олег,Москва,True
2026-06-20,ORD-10842,CUST-1795,4480,paid,Яндекс Директ,Консультация,Анна,Екатеринбург,True
2026-06-20,ORD-10843,CUST-1504,45381,paid,Яндекс Директ,Монтаж,Мария,Москва,False
2026-06-20,ORD-10844,CUST-3260,38145,paid,Яндекс Директ,Монтаж,Игорь,Москва,False
2026-06-20,ORD-10845,CUST-2207,10197,paid,SEO,Консультация,Олег,Москва,False
2026-06-20,ORD-10846,CUST-1876,18192,paid,SEO,Подписка,Игорь,Москва,False
2026-06-20,ORD-10847,CUST-2683,23002,paid,SEO,Сервис,Мария,Екатеринбург,True
2026-06-20,ORD-10848,CUST-1254,0,canceled,Яндекс Директ,Монтаж,Игорь,Москва,False
2026-06-20,ORD-10849,CUST-2208,20608,paid,SEO,Подписка,Игорь,Москва,False
2026-06-20,ORD-10850,CUST-1101,20278,paid,Яндекс Директ,Подписка,Олег,Екатеринбург,False
2026-06-20,ORD-10851,CUST-3020,18382,paid,Рекомендации,Подписка,Игорь,Москва,False
2026-06-21,ORD-10852,CUST-1185,5135,paid,Яндекс Директ,Консультация,Олег,Москва,True
2026-06-21,ORD-10853,CUST-3071,12281,paid,Telegram,Доп. услуги,Мария,Казань,True
2026-06-21,ORD-10854,CUST-3480,22150,paid,Рекомендации,Сервис,Олег,Санкт-Петербург,True
2026-06-21,ORD-10855,CUST-1320,21454,paid,Рекомендации,Сервис,Игорь,Санкт-Петербург,True
2026-06-21,ORD-10856,CUST-3086,5737,paid,SEO,Доп. услуги,Мария,Москва,False
2026-06-21,ORD-10857,CUST-1343,16343,paid,SEO,Сервис,Анна,Москва,True
2026-06-21,ORD-10858,CUST-1368,20297,paid,CRM,Монтаж,Мария,Казань,True
2026-06-21,ORD-10859,CUST-2511,8301,paid,Telegram,Консультация,Мария,Екатеринбург,True
2026-06-21,ORD-10860,CUST-3142,17233,paid,SEO,Подписка,Мария,Москва,True
2026-06-21,ORD-10861,CUST-2191,0,canceled,Яндекс Директ,Консультация,Анна,Екатеринбург,False
2026-06-21,ORD-10862,CUST-1304,0,canceled,Яндекс Директ,Монтаж,Мария,Казань,False
2026-06-21,ORD-10863,CUST-2058,0,canceled,SEO,Монтаж,Игорь,Санкт-Петербург,False
2026-06-21,ORD-10864,CUST-3457,24052,paid,SEO,Сервис,Анна,Екатеринбург,False
2026-06-21,ORD-10865,CUST-3262,43990,paid,SEO,Монтаж,Олег,Санкт-Петербург,True
2026-06-21,ORD-10866,CUST-2110,4857,paid,Telegram,Консультация,Мария,Москва,False
2026-06-21,ORD-10867,CUST-2898,33867,paid,Яндекс Директ,Монтаж,Анна,Москва,True
2026-06-21,ORD-10868,CUST-3558,22714,paid,Яндекс Директ,Монтаж,Олег,Москва,True
2026-06-21,ORD-10869,CUST-1246,0,canceled,Яндекс Директ,Монтаж,Анна,Казань,False
2026-06-21,ORD-10870,CUST-2708,0,canceled,Яндекс Директ,Монтаж,Олег,Москва,False
2026-06-21,ORD-10871,CUST-1457,44573,paid,CRM,Монтаж,Мария,Москва,False
2026-06-21,ORD-10872,CUST-2660,38563,paid,SEO,Монтаж,Мария,Екатеринбург,False
2026-06-21,ORD-10873,CUST-2289,0,canceled,CRM,Доп. услуги,Анна,Москва,False
2026-06-21,ORD-10874,CUST-1483,16428,paid,SEO,Доп. услуги,Олег,Казань,False
2026-06-21,ORD-10875,CUST-3502,10674,paid,CRM,Сервис,Олег,Екатеринбург,True
2026-06-21,ORD-10876,CUST-3592,13245,paid,CRM,Сервис,Игорь,Екатеринбург,False
2026-06-21,ORD-10877,CUST-1342,9526,paid,SEO,Консультация,Игорь,Екатеринбург,True
2026-06-21,ORD-10878,CUST-1667,11898,paid,Яндекс Директ,Сервис,Игорь,Казань,False
2026-06-21,ORD-10879,CUST-3441,19908,paid,Рекомендации,Сервис,Игорь,Санкт-Петербург,True
2026-06-21,ORD-10880,CUST-2790,17765,paid,Яндекс Директ,Сервис,Анна,Москва,True
2026-06-21,ORD-10881,CUST-1650,11997,paid,Яндекс Директ,Сервис,Игорь,Екатеринбург,False
2026-06-21,ORD-10882,CUST-1862,10611,paid,Яндекс Директ,Консультация,Олег,Санкт-Петербург,False
2026-06-21,ORD-10883,CUST-3254,20062,paid,Яндекс Директ,Подписка,Анна,Екатеринбург,True
2026-06-21,ORD-10884,CUST-3265,21032,paid,Рекомендации,Подписка,Игорь,Санкт-Петербург,False
2026-06-21,ORD-10885,CUST-1841,7069,paid,CRM,Консультация,Олег,Казань,False
2026-06-21,ORD-10886,CUST-1211,51105,paid,SEO,Монтаж,Олег,Санкт-Петербург,True
2026-06-21,ORD-10887,CUST-2379,21615,paid,Telegram,Сервис,Игорь,Санкт-Петербург,True
2026-06-21,ORD-10888,CUST-2282,34451,paid,SEO,Монтаж,Мария,Казань,False
2026-06-21,ORD-10889,CUST-3522,17711,paid,SEO,Подписка,Олег,Москва,True
2026-06-21,ORD-10890,CUST-2579,39672,paid,Яндекс Директ,Монтаж,Анна,Москва,False
2026-06-21,ORD-10891,CUST-1228,5301,paid,CRM,Доп. услуги,Олег,Москва,True
2026-06-21,ORD-10892,CUST-2483,18815,paid,Яндекс Директ,Сервис,Игорь,Екатеринбург,True
2026-06-21,ORD-10893,CUST-3595,0,canceled,SEO,Консультация,Анна,Екатеринбург,False
2026-06-21,ORD-10894,CUST-1887,10085,paid,Telegram,Консультация,Мария,Москва,False
2026-06-21,ORD-10895,CUST-2272,14835,paid,Яндекс Директ,Доп. услуги,Игорь,Санкт-Петербург,True
2026-06-21,ORD-10896,CUST-3297,9391,paid,Рекомендации,Консультация,Игорь,Екатеринбург,False
2026-06-21,ORD-10897,CUST-1339,34149,paid,CRM,Монтаж,Игорь,Москва,True
2026-06-21,ORD-10898,CUST-3045,25687,paid,Telegram,Сервис,Игорь,Екатеринбург,True
2026-06-21,ORD-10899,CUST-1246,11696,paid,Яндекс Директ,Доп. услуги,Игорь,Екатеринбург,False
2026-06-22,ORD-10900,CUST-2699,0,canceled,Яндекс Директ,Подписка,Анна,Москва,False
2026-06-22,ORD-10901,CUST-3395,23441,paid,SEO,Сервис,Мария,Казань,False
2026-06-22,ORD-10902,CUST-2721,15538,paid,SEO,Сервис,Игорь,Санкт-Петербург,True
2026-06-22,ORD-10903,CUST-3016,10015,paid,SEO,Сервис,Мария,Екатеринбург,False
2026-06-22,ORD-10904,CUST-1690,23324,paid,SEO,Подписка,Анна,Санкт-Петербург,False
2026-06-22,ORD-10905,CUST-2261,48298,paid,CRM,Монтаж,Мария,Санкт-Петербург,False
2026-06-22,ORD-10906,CUST-1211,12785,paid,Яндекс Директ,Сервис,Анна,Санкт-Петербург,False
2026-06-22,ORD-10907,CUST-2383,37540,paid,Яндекс Директ,Монтаж,Анна,Москва,True
2026-06-22,ORD-10908,CUST-2692,0,canceled,Яндекс Директ,Монтаж,Мария,Санкт-Петербург,False
2026-06-22,ORD-10909,CUST-1066,22737,paid,CRM,Сервис,Мария,Москва,False
2026-06-22,ORD-10910,CUST-2038,39607,paid,Telegram,Монтаж,Анна,Екатеринбург,False
2026-06-22,ORD-10911,CUST-1556,44196,paid,Рекомендации,Монтаж,Анна,Санкт-Петербург,True
2026-06-22,ORD-10912,CUST-2885,10388,paid,SEO,Консультация,Игорь,Екатеринбург,True
2026-06-22,ORD-10913,CUST-2991,17034,paid,Яндекс Директ,Сервис,Анна,Москва,False
2026-06-22,ORD-10914,CUST-1848,9659,paid,Яндекс Директ,Консультация,Анна,Казань,False
2026-06-22,ORD-10915,CUST-1278,30479,paid,Telegram,Монтаж,Олег,Москва,False
2026-06-22,ORD-10916,CUST-3530,30504,paid,CRM,Монтаж,Мария,Екатеринбург,False
2026-06-22,ORD-10917,CUST-1329,19966,paid,Яндекс Директ,Подписка,Игорь,Москва,False
2026-06-22,ORD-10918,CUST-3186,12714,paid,Яндекс Директ,Подписка,Игорь,Казань,True
2026-06-22,ORD-10919,CUST-1280,5953,paid,Яндекс Директ,Консультация,Олег,Казань,True
2026-06-22,ORD-10920,CUST-2440,6261,paid,Telegram,Консультация,Мария,Екатеринбург,False
2026-06-22,ORD-10921,CUST-1468,14241,paid,Рекомендации,Сервис,Игорь,Москва,True
2026-06-22,ORD-10922,CUST-1620,15359,paid,Рекомендации,Доп. услуги,Анна,Санкт-Петербург,True
2026-06-22,ORD-10923,CUST-1197,23711,paid,SEO,Подписка,Олег,Казань,True
2026-06-22,ORD-10924,CUST-2297,17290,paid,Telegram,Сервис,Олег,Казань,False
2026-06-22,ORD-10925,CUST-3019,42600,paid,CRM,Монтаж,Мария,Казань,True
2026-06-22,ORD-10926,CUST-2474,45577,paid,Яндекс Директ,Монтаж,Игорь,Москва,False
2026-06-22,ORD-10927,CUST-2912,21813,paid,CRM,Сервис,Мария,Екатеринбург,True
2026-06-22,ORD-10928,CUST-2558,3442,paid,Рекомендации,Консультация,Олег,Казань,False
2026-06-22,ORD-10929,CUST-1299,12264,paid,Яндекс Директ,Сервис,Мария,Казань,False
2026-06-22,ORD-10930,CUST-2913,22605,paid,SEO,Сервис,Мария,Екатеринбург,False
2026-06-22,ORD-10931,CUST-2559,24604,paid,SEO,Сервис,Мария,Санкт-Петербург,False
2026-06-22,ORD-10932,CUST-2320,0,canceled,CRM,Доп. услуги,Анна,Москва,False
2026-06-22,ORD-10933,CUST-1509,19003,paid,Telegram,Сервис,Игорь,Москва,False
2026-06-22,ORD-10934,CUST-2896,15537,paid,Яндекс Директ,Сервис,Мария,Казань,False
2026-06-22,ORD-10935,CUST-1766,16493,paid,Рекомендации,Сервис,Мария,Екатеринбург,False
2026-06-22,ORD-10936,CUST-2875,0,canceled,Рекомендации,Доп. услуги,Олег,Москва,False
2026-06-22,ORD-10937,CUST-3082,39048,paid,Яндекс Директ,Монтаж,Игорь,Санкт-Петербург,False
2026-06-22,ORD-10938,CUST-1100,0,canceled,Рекомендации,Доп. услуги,Анна,Казань,False
2026-06-22,ORD-10939,CUST-2983,24509,paid,Telegram,Сервис,Анна,Екатеринбург,False
2026-06-22,ORD-10940,CUST-1856,12293,paid,Telegram,Доп. услуги,Игорь,Санкт-Петербург,True
2026-06-22,ORD-10941,CUST-1967,0,canceled,SEO,Монтаж,Мария,Санкт-Петербург,False
2026-06-22,ORD-10942,CUST-2625,23200,paid,CRM,Подписка,Мария,Москва,False
2026-06-22,ORD-10943,CUST-1536,13492,paid,Яндекс Директ,Сервис,Анна,Санкт-Петербург,False
2026-06-22,ORD-10944,CUST-1575,17375,paid,Яндекс Директ,Сервис,Мария,Москва,False
2026-06-22,ORD-10945,CUST-1782,10169,paid,CRM,Доп. услуги,Олег,Москва,False
2026-06-22,ORD-10946,CUST-2737,14825,paid,CRM,Сервис,Игорь,Екатеринбург,True
2026-06-22,ORD-10947,CUST-2727,19630,paid,CRM,Монтаж,Анна,Санкт-Петербург,True
2026-06-22,ORD-10948,CUST-3526,0,canceled,CRM,Сервис,Игорь,Екатеринбург,False
2026-06-22,ORD-10949,CUST-3054,34052,paid,Яндекс Директ,Монтаж,Мария,Москва,True
2026-06-22,ORD-10950,CUST-2644,0,canceled,SEO,Доп. услуги,Игорь,Екатеринбург,False
2026-06-23,ORD-10951,CUST-2339,9321,paid,Яндекс Директ,Сервис,Мария,Москва,False
2026-06-23,ORD-10952,CUST-2855,27925,paid,SEO,Монтаж,Олег,Казань,True
2026-06-23,ORD-10953,CUST-1788,5565,paid,Telegram,Консультация,Игорь,Санкт-Петербург,False
2026-06-23,ORD-10954,CUST-2716,30394,paid,Рекомендации,Монтаж,Мария,Екатеринбург,False
2026-06-23,ORD-10955,CUST-2333,12583,paid,SEO,Подписка,Олег,Казань,False
2026-06-23,ORD-10956,CUST-2103,41532,paid,Telegram,Монтаж,Мария,Казань,False
2026-06-23,ORD-10957,CUST-2741,37162,paid,Яндекс Директ,Монтаж,Олег,Санкт-Петербург,True
2026-06-23,ORD-10958,CUST-2537,5414,paid,CRM,Доп. услуги,Мария,Москва,True
2026-06-23,ORD-10959,CUST-3494,4360,paid,Рекомендации,Консультация,Олег,Москва,False
2026-06-23,ORD-10960,CUST-2637,18786,paid,SEO,Сервис,Олег,Екатеринбург,True
2026-06-23,ORD-10961,CUST-1500,4246,paid,Рекомендации,Консультация,Олег,Екатеринбург,False
2026-06-23,ORD-10962,CUST-1279,21807,paid,Яндекс Директ,Подписка,Мария,Екатеринбург,False
2026-06-23,ORD-10963,CUST-2741,20742,paid,CRM,Подписка,Мария,Санкт-Петербург,False
2026-06-23,ORD-10964,CUST-2718,9131,paid,Яндекс Директ,Консультация,Игорь,Казань,False
2026-06-23,ORD-10965,CUST-1629,44149,paid,SEO,Монтаж,Мария,Санкт-Петербург,True
2026-06-23,ORD-10966,CUST-1387,22309,paid,Telegram,Монтаж,Анна,Санкт-Петербург,False
2026-06-23,ORD-10967,CUST-2200,11712,paid,Яндекс Директ,Сервис,Олег,Казань,False
2026-06-23,ORD-10968,CUST-3545,18894,paid,Яндекс Директ,Сервис,Анна,Екатеринбург,True
2026-06-23,ORD-10969,CUST-1600,8605,paid,CRM,Консультация,Олег,Санкт-Петербург,False
2026-06-23,ORD-10970,CUST-2927,9424,paid,SEO,Сервис,Анна,Москва,False
2026-06-23,ORD-10971,CUST-1322,17842,paid,SEO,Сервис,Анна,Москва,False
2026-06-23,ORD-10972,CUST-2655,14855,paid,CRM,Сервис,Игорь,Екатеринбург,True
2026-06-23,ORD-10973,CUST-2595,12351,paid,Яндекс Директ,Сервис,Игорь,Санкт-Петербург,False
2026-06-23,ORD-10974,CUST-2812,18547,paid,CRM,Монтаж,Игорь,Казань,False
2026-06-23,ORD-10975,CUST-1088,0,canceled,Telegram,Монтаж,Анна,Санкт-Петербург,False
2026-06-23,ORD-10976,CUST-2594,47037,paid,Рекомендации,Монтаж,Игорь,Москва,False
2026-06-23,ORD-10977,CUST-3058,17658,paid,Яндекс Директ,Сервис,Игорь,Казань,False
2026-06-23,ORD-10978,CUST-2484,11401,paid,Рекомендации,Консультация,Анна,Санкт-Петербург,True
2026-06-23,ORD-10979,CUST-2846,0,canceled,Яндекс Директ,Подписка,Мария,Москва,False
2026-06-23,ORD-10980,CUST-3525,0,canceled,Яндекс Директ,Доп. услуги,Анна,Казань,False
2026-06-23,ORD-10981,CUST-2726,17823,paid,Яндекс Директ,Доп. услуги,Олег,Санкт-Петербург,True
2026-06-23,ORD-10982,CUST-3460,4988,paid,Рекомендации,Консультация,Олег,Казань,False
2026-06-23,ORD-10983,CUST-1526,21224,paid,Яндекс Директ,Сервис,Мария,Санкт-Петербург,False
2026-06-23,ORD-10984,CUST-1699,9747,paid,SEO,Доп. услуги,Мария,Казань,False
2026-06-23,ORD-10985,CUST-2334,10933,paid,Яндекс Директ,Подписка,Игорь,Казань,False
2026-06-23,ORD-10986,CUST-1795,27769,paid,SEO,Монтаж,Мария,Екатеринбург,False
2026-06-23,ORD-10987,CUST-2576,18664,paid,Яндекс Директ,Подписка,Игорь,Казань,True
2026-06-23,ORD-10988,CUST-2795,34135,paid,Яндекс Директ,Монтаж,Игорь,Санкт-Петербург,False
2026-06-23,ORD-10989,CUST-1579,10785,paid,Яндекс Директ,Консультация,Анна,Екатеринбург,False
2026-06-23,ORD-10990,CUST-2775,0,canceled,Яндекс Директ,Подписка,Игорь,Екатеринбург,True
2026-06-23,ORD-10991,CUST-2474,0,canceled,SEO,Монтаж,Анна,Екатеринбург,True
2026-06-23,ORD-10992,CUST-2787,14514,paid,Яндекс Директ,Подписка,Олег,Москва,False
2026-06-23,ORD-10993,CUST-1845,25755,paid,Рекомендации,Монтаж,Анна,Казань,False
2026-06-23,ORD-10994,CUST-3430,45941,paid,Яндекс Директ,Монтаж,Анна,Санкт-Петербург,False
2026-06-23,ORD-10995,CUST-1839,16099,paid,Telegram,Сервис,Игорь,Екатеринбург,True
2026-06-23,ORD-10996,CUST-2692,17158,paid,Яндекс Директ,Доп. услуги,Игорь,Москва,False
2026-06-23,ORD-10997,CUST-1230,47580,paid,CRM,Монтаж,Мария,Санкт-Петербург,False
2026-06-23,ORD-10998,CUST-3386,26435,paid,Яндекс Директ,Монтаж,Мария,Москва,True
2026-06-23,ORD-10999,CUST-1951,4244,paid,CRM,Консультация,Анна,Санкт-Петербург,False
2026-06-23,ORD-11000,CUST-2543,30988,paid,Яндекс Директ,Монтаж,Анна,Санкт-Петербург,False
2026-06-23,ORD-11001,CUST-1910,14583,paid,SEO,Подписка,Олег,Екатеринбург,False
2026-06-23,ORD-11002,CUST-2520,21534,paid,CRM,Монтаж,Мария,Казань,True
2026-06-23,ORD-11003,CUST-2511,19346,paid,SEO,Сервис,Анна,Казань,False
2026-06-24,ORD-11004,CUST-2423,5565,paid,CRM,Доп. услуги,Игорь,Екатеринбург,True
2026-06-24,ORD-11005,CUST-3573,0,canceled,Яндекс Директ,Подписка,Анна,Екатеринбург,False
2026-06-24,ORD-11006,CUST-2994,0,canceled,Рекомендации,Доп. услуги,Олег,Санкт-Петербург,True
2026-06-24,ORD-11007,CUST-2095,10998,paid,Рекомендации,Консультация,Анна,Москва,False
2026-06-24,ORD-11008,CUST-1766,40400,paid,Яндекс Директ,Монтаж,Олег,Москва,False
2026-06-24,ORD-11009,CUST-2611,43246,paid,Яндекс Директ,Монтаж,Игорь,Санкт-Петербург,True
2026-06-24,ORD-11010,CUST-2091,16575,paid,SEO,Сервис,Игорь,Москва,True
2026-06-24,ORD-11011,CUST-1141,0,canceled,SEO,Подписка,Игорь,Москва,False
2026-06-24,ORD-11012,CUST-3261,38049,paid,SEO,Монтаж,Олег,Екатеринбург,False
2026-06-24,ORD-11013,CUST-1217,22183,paid,SEO,Сервис,Олег,Санкт-Петербург,False
2026-06-24,ORD-11014,CUST-2524,5642,paid,SEO,Доп. услуги,Игорь,Санкт-Петербург,False
2026-06-24,ORD-11015,CUST-1541,16579,paid,Яндекс Директ,Доп. услуги,Игорь,Екатеринбург,False
2026-06-24,ORD-11016,CUST-2514,30811,paid,Telegram,Монтаж,Анна,Санкт-Петербург,False
2026-06-24,ORD-11017,CUST-3018,15294,paid,Яндекс Директ,Доп. услуги,Мария,Москва,False
2026-06-24,ORD-11018,CUST-2577,20518,paid,Telegram,Подписка,Анна,Санкт-Петербург,False
2026-06-24,ORD-11019,CUST-3348,0,canceled,Рекомендации,Подписка,Анна,Санкт-Петербург,False
2026-06-24,ORD-11020,CUST-2374,17775,paid,SEO,Сервис,Олег,Екатеринбург,False
2026-06-24,ORD-11021,CUST-1116,9660,paid,Яндекс Директ,Консультация,Олег,Казань,True
2026-06-24,ORD-11022,CUST-2912,7295,paid,SEO,Консультация,Анна,Казань,False
2026-06-24,ORD-11023,CUST-2008,12981,paid,Рекомендации,Сервис,Игорь,Москва,False
2026-06-24,ORD-11024,CUST-2737,0,canceled,CRM,Сервис,Мария,Санкт-Петербург,False
2026-06-24,ORD-11025,CUST-1330,13030,paid,Рекомендации,Доп. услуги,Олег,Казань,True
2026-06-24,ORD-11026,CUST-1916,13841,paid,Яндекс Директ,Подписка,Игорь,Екатеринбург,False
2026-06-24,ORD-11027,CUST-3497,45188,paid,SEO,Монтаж,Мария,Казань,False
2026-06-24,ORD-11028,CUST-1744,23736,paid,Яндекс Директ,Сервис,Мария,Москва,False
2026-06-24,ORD-11029,CUST-1693,10268,paid,CRM,Консультация,Анна,Москва,False
2026-06-24,ORD-11030,CUST-1249,42389,paid,Рекомендации,Монтаж,Олег,Казань,False
2026-06-24,ORD-11031,CUST-1954,6037,paid,SEO,Консультация,Анна,Москва,False
2026-06-24,ORD-11032,CUST-2789,14028,paid,SEO,Подписка,Олег,Казань,False
2026-06-24,ORD-11033,CUST-2611,23694,paid,Telegram,Сервис,Олег,Москва,False
2026-06-24,ORD-11034,CUST-1026,40382,paid,Telegram,Монтаж,Анна,Казань,False
2026-06-24,ORD-11035,CUST-1309,8917,paid,Telegram,Консультация,Игорь,Екатеринбург,False
2026-06-24,ORD-11036,CUST-2254,0,canceled,Яндекс Директ,Доп. услуги,Мария,Санкт-Петербург,False
2026-06-24,ORD-11037,CUST-3123,11890,paid,Telegram,Консультация,Мария,Москва,False
2026-06-24,ORD-11038,CUST-2994,10834,paid,Telegram,Консультация,Мария,Казань,True
2026-06-24,ORD-11039,CUST-3156,25303,paid,Яндекс Директ,Монтаж,Мария,Казань,True
2026-06-24,ORD-11040,CUST-1568,4707,paid,Рекомендации,Консультация,Игорь,Казань,False
2026-06-24,ORD-11041,CUST-1063,10948,paid,Telegram,Подписка,Олег,Казань,True
2026-06-24,ORD-11042,CUST-3206,4383,paid,CRM,Консультация,Игорь,Екатеринбург,False
2026-06-24,ORD-11043,CUST-3555,48076,paid,CRM,Монтаж,Игорь,Санкт-Петербург,True
2026-06-24,ORD-11044,CUST-1405,30329,paid,CRM,Монтаж,Мария,Екатеринбург,True
2026-06-24,ORD-11045,CUST-1099,9056,paid,Telegram,Подписка,Мария,Екатеринбург,False
2026-06-24,ORD-11046,CUST-1401,20958,paid,CRM,Сервис,Игорь,Москва,True
2026-06-24,ORD-11047,CUST-2037,31557,paid,Рекомендации,Монтаж,Игорь,Санкт-Петербург,False
2026-06-24,ORD-11048,CUST-2947,15777,paid,Яндекс Директ,Сервис,Анна,Москва,False
2026-06-24,ORD-11049,CUST-2529,12769,paid,SEO,Сервис,Мария,Санкт-Петербург,False
2026-06-24,ORD-11050,CUST-1961,9060,paid,Яндекс Директ,Консультация,Игорь,Санкт-Петербург,False
2026-06-24,ORD-11051,CUST-2638,50253,paid,Яндекс Директ,Монтаж,Анна,Казань,True
2026-06-24,ORD-11052,CUST-2743,5145,paid,SEO,Консультация,Мария,Казань,False
2026-06-24,ORD-11053,CUST-1700,10906,paid,Яндекс Директ,Подписка,Мария,Казань,True
2026-06-24,ORD-11054,CUST-2953,14218,paid,SEO,Сервис,Анна,Екатеринбург,False
2026-06-24,ORD-11055,CUST-3479,18561,paid,CRM,Монтаж,Мария,Санкт-Петербург,False
2026-06-24,ORD-11056,CUST-1168,21378,paid,Telegram,Подписка,Мария,Казань,False
2026-06-24,ORD-11057,CUST-1830,0,canceled,SEO,Монтаж,Мария,Казань,False
2026-06-24,ORD-11058,CUST-3375,7651,paid,CRM,Сервис,Мария,Санкт-Петербург,True
2026-06-24,ORD-11059,CUST-2623,16979,paid,Рекомендации,Сервис,Олег,Казань,False
2026-06-24,ORD-11060,CUST-1798,9497,paid,SEO,Подписка,Мария,Казань,False
2026-06-24,ORD-11061,CUST-1082,14598,paid,CRM,Подписка,Анна,Казань,True
2026-06-24,ORD-11062,CUST-2508,51892,paid,CRM,Монтаж,Мария,Москва,True
2026-06-24,ORD-11063,CUST-3093,30268,paid,Яндекс Директ,Монтаж,Игорь,Санкт-Петербург,True
2026-06-24,ORD-11064,CUST-1294,6861,paid,Рекомендации,Консультация,Мария,Санкт-Петербург,False
2026-06-24,ORD-11065,CUST-1811,0,canceled,SEO,Консультация,Игорь,Санкт-Петербург,True
2026-06-24,ORD-11066,CUST-1690,6417,paid,Рекомендации,Доп. услуги,Олег,Москва,False
2026-06-25,ORD-11067,CUST-1589,44010,paid,CRM,Монтаж,Мария,Казань,True
2026-06-25,ORD-11068,CUST-3074,11428,paid,Яндекс Директ,Сервис,Игорь,Екатеринбург,False
2026-06-25,ORD-11069,CUST-1224,0,canceled,SEO,Сервис,Олег,Москва,False
2026-06-25,ORD-11070,CUST-3242,0,canceled,Яндекс Директ,Монтаж,Игорь,Казань,True
2026-06-25,ORD-11071,CUST-2844,9482,paid,Рекомендации,Консультация,Анна,Санкт-Петербург,True
2026-06-25,ORD-11072,CUST-2844,17640,paid,Рекомендации,Сервис,Мария,Москва,True
2026-06-25,ORD-11073,CUST-2676,7362,paid,Яндекс Директ,Консультация,Игорь,Казань,True
2026-06-25,ORD-11074,CUST-2179,9650,paid,Telegram,Консультация,Мария,Казань,True
2026-06-25,ORD-11075,CUST-2458,29491,paid,Telegram,Монтаж,Анна,Москва,False
2026-06-25,ORD-11076,CUST-1708,0,canceled,SEO,Монтаж,Анна,Казань,True
2026-06-25,ORD-11077,CUST-3205,0,canceled,SEO,Консультация,Олег,Казань,False
2026-06-25,ORD-11078,CUST-1585,21952,paid,CRM,Монтаж,Мария,Екатеринбург,True
2026-06-25,ORD-11079,CUST-2583,4473,paid,Рекомендации,Консультация,Игорь,Москва,False
2026-06-25,ORD-11080,CUST-1735,40201,paid,Яндекс Директ,Монтаж,Игорь,Санкт-Петербург,False
2026-06-25,ORD-11081,CUST-3233,11708,paid,SEO,Консультация,Игорь,Санкт-Петербург,False
2026-06-25,ORD-11082,CUST-1061,0,canceled,Рекомендации,Монтаж,Игорь,Екатеринбург,False
2026-06-25,ORD-11083,CUST-1620,15186,paid,Яндекс Директ,Доп. услуги,Игорь,Москва,False
2026-06-25,ORD-11084,CUST-1772,9109,paid,CRM,Сервис,Анна,Москва,True
2026-06-25,ORD-11085,CUST-1691,0,canceled,SEO,Консультация,Игорь,Москва,False
2026-06-25,ORD-11086,CUST-3189,28596,paid,CRM,Монтаж,Игорь,Санкт-Петербург,False
2026-06-25,ORD-11087,CUST-2690,21751,paid,Яндекс Директ,Подписка,Олег,Екатеринбург,True
2026-06-25,ORD-11088,CUST-3489,37454,paid,Яндекс Директ,Монтаж,Анна,Москва,False
2026-06-25,ORD-11089,CUST-1866,49066,paid,SEO,Монтаж,Анна,Казань,True
2026-06-25,ORD-11090,CUST-2052,9770,paid,Яндекс Директ,Сервис,Игорь,Казань,True
2026-06-25,ORD-11091,CUST-1118,8709,paid,SEO,Сервис,Анна,Москва,False
2026-06-25,ORD-11092,CUST-2330,4212,paid,Яндекс Директ,Доп. услуги,Олег,Москва,False
2026-06-25,ORD-11093,CUST-2007,0,canceled,SEO,Доп. услуги,Игорь,Санкт-Петербург,False
2026-06-25,ORD-11094,CUST-2838,9886,paid,Рекомендации,Консультация,Анна,Екатеринбург,False
2026-06-25,ORD-11095,CUST-1327,0,canceled,Яндекс Директ,Монтаж,Мария,Москва,False
2026-06-25,ORD-11096,CUST-1722,13984,paid,Яндекс Директ,Подписка,Мария,Санкт-Петербург,False
2026-06-25,ORD-11097,CUST-3143,25468,paid,CRM,Сервис,Олег,Казань,True
2026-06-25,ORD-11098,CUST-1701,19694,paid,Яндекс Директ,Сервис,Олег,Москва,False
2026-06-25,ORD-11099,CUST-3088,8936,paid,CRM,Консультация,Мария,Санкт-Петербург,True
2026-06-25,ORD-11100,CUST-2487,7657,paid,Яндекс Директ,Сервис,Мария,Екатеринбург,False
2026-06-25,ORD-11101,CUST-1730,0,canceled,Яндекс Директ,Консультация,Олег,Екатеринбург,True
2026-06-25,ORD-11102,CUST-2839,17450,paid,SEO,Сервис,Анна,Москва,False
2026-06-25,ORD-11103,CUST-2618,0,canceled,SEO,Сервис,Игорь,Москва,False
2026-06-25,ORD-11104,CUST-1502,20170,paid,CRM,Подписка,Игорь,Екатеринбург,True
2026-06-25,ORD-11105,CUST-2883,15236,paid,Telegram,Сервис,Анна,Казань,True
2026-06-25,ORD-11106,CUST-2848,14858,paid,CRM,Сервис,Игорь,Екатеринбург,False
2026-06-25,ORD-11107,CUST-2830,13812,paid,Яндекс Директ,Подписка,Олег,Екатеринбург,True
2026-06-25,ORD-11108,CUST-3204,5178,paid,Яндекс Директ,Доп. услуги,Мария,Санкт-Петербург,False
2026-06-25,ORD-11109,CUST-1833,15010,paid,Рекомендации,Сервис,Игорь,Казань,True
2026-06-25,ORD-11110,CUST-1180,8702,paid,Telegram,Доп. услуги,Мария,Казань,False
2026-06-25,ORD-11111,CUST-3260,6592,paid,SEO,Консультация,Игорь,Санкт-Петербург,True
2026-06-25,ORD-11112,CUST-3586,38374,paid,CRM,Монтаж,Игорь,Москва,False
2026-06-25,ORD-11113,CUST-2417,44150,paid,CRM,Монтаж,Олег,Санкт-Петербург,False
2026-06-25,ORD-11114,CUST-1316,23448,paid,SEO,Подписка,Игорь,Санкт-Петербург,True
2026-06-25,ORD-11115,CUST-1372,6186,paid,SEO,Консультация,Анна,Екатеринбург,False
2026-06-25,ORD-11116,CUST-3135,0,canceled,SEO,Монтаж,Анна,Санкт-Петербург,True
2026-06-25,ORD-11117,CUST-1919,5545,paid,SEO,Доп. услуги,Олег,Казань,True
2026-06-25,ORD-11118,CUST-1737,17898,paid,SEO,Подписка,Анна,Санкт-Петербург,True
2026-06-25,ORD-11119,CUST-1506,23003,paid,SEO,Подписка,Анна,Москва,False
2026-06-25,ORD-11120,CUST-2723,0,canceled,CRM,Подписка,Олег,Казань,False
2026-06-25,ORD-11121,CUST-2723,10652,paid,Telegram,Сервис,Олег,Санкт-Петербург,False
2026-06-25,ORD-11122,CUST-2954,9596,paid,CRM,Консультация,Анна,Казань,False
2026-06-25,ORD-11123,CUST-3485,13502,paid,Яндекс Директ,Подписка,Олег,Санкт-Петербург,False
2026-06-25,ORD-11124,CUST-3017,16943,paid,Яндекс Директ,Подписка,Игорь,Екатеринбург,False
2026-06-25,ORD-11125,CUST-2022,8014,paid,CRM,Консультация,Мария,Екатеринбург,False
2026-06-25,ORD-11126,CUST-2135,11729,paid,CRM,Консультация,Мария,Казань,False
2026-06-25,ORD-11127,CUST-2307,10683,paid,Яндекс Директ,Доп. услуги,Мария,Москва,True
2026-06-25,ORD-11128,CUST-2642,0,canceled,SEO,Консультация,Анна,Екатеринбург,False
2026-06-25,ORD-11129,CUST-1508,31960,paid,Рекомендации,Монтаж,Мария,Москва,False
2026-06-25,ORD-11130,CUST-3470,9321,paid,Рекомендации,Подписка,Игорь,Санкт-Петербург,True
2026-06-25,ORD-11131,CUST-2912,25001,paid,CRM,Сервис,Игорь,Казань,False
2026-06-25,ORD-11132,CUST-2892,13402,paid,CRM,Подписка,Мария,Москва,False
2026-06-25,ORD-11133,CUST-3237,6487,paid,CRM,Консультация,Олег,Казань,False
